,courier_id,gps_lng,gps_lat,ds,depot,order_id,gps_time
0,487,126.567,43.812,1002,1,,
1,487,126.52429,43.80364,1002,0,3041808.0,10-02 12:34:00
2,487,126.52113,43.80222,1002,0,2589946.0,10-02 12:48:00
3,487,126.52354,43.79971,1002,0,1401596.0,10-02 12:55:00
4,487,126.59439,43.77683,1002,0,731790.0,10-02 19:25:00
