,courier_id,gps_lng,gps_lat,ds,depot,order_id,gps_time
0,487,126.565,43.812,628,1,,
1,487,126.55586,43.78997,628,0,396144.0,06-28 10:58:00
2,487,126.54111,43.79262,628,0,1278359.0,06-28 10:25:00
3,487,126.54317,43.79163,628,0,3506934.0,06-28 10:17:00
4,487,126.54163,43.79268,628,0,2878892.0,06-28 10:31:00
5,487,126.52354,43.79928,628,0,3608712.0,06-28 20:31:00
6,487,126.56866,43.76861,628,0,878309.0,06-28 15:10:00
