,courier_id,gps_lng,gps_lat,ds,depot,order_id,gps_time
0,3156,126.585,43.895,516,1,,
1,3156,126.54882,43.91248,516,0,2694073.0,05-16 14:33:00
