,courier_id,gps_lng,gps_lat,ds,depot,order_id,gps_time
0,4322,126.566,43.871,601,1,,
1,4322,126.56207,43.8863,601,0,442369.0,06-01 19:04:00
2,4322,126.5622,43.88551,601,0,2091426.0,06-01 18:49:00
3,4322,126.56295,43.88743,601,0,1616969.0,06-01 20:06:00
4,4322,126.56253,43.88709,601,0,4140690.0,06-01 19:45:00
5,4322,126.56233,43.88554,601,0,182669.0,06-01 18:39:00
