,courier_id,gps_lng,gps_lat,ds,depot,order_id,gps_time
0,588,126.544,43.85,619,1,,
1,588,126.54444,43.85047,619,0,4228441.0,06-19 14:03:00
