,courier_id,gps_lng,gps_lat,ds,depot,order_id,gps_time
0,2709,126.585,43.894,519,1,,
1,2709,126.57998,43.89733,519,0,1286179.0,05-19 21:01:00
