,courier_id,gps_lng,gps_lat,ds,depot,order_id,gps_time
0,1558,126.566,43.871,906,1,,
1,1558,126.57472,43.88361,906,0,619921.0,09-06 09:08:00
2,1558,126.57615,43.88279,906,0,4321067.0,09-06 09:14:00
3,1558,126.56617,43.87083,906,0,250369.0,09-06 17:43:00
4,1558,126.57456,43.88768,906,0,3830250.0,09-06 10:20:00
5,1558,126.5391,43.86958,906,0,1368511.0,09-06 11:29:00
6,1558,126.54018,43.86906,906,0,2916311.0,09-06 11:41:00
7,1558,126.53928,43.87006,906,0,2073679.0,09-06 11:46:00
8,1558,126.53703,43.8716,906,0,40308.0,09-06 13:43:00
