,courier_id,gps_lng,gps_lat,ds,depot,order_id,gps_time
0,2208,126.566,43.871,613,1,,
1,2208,126.54409,43.86993,613,0,2590865.0,06-13 10:48:00
2,2208,126.54099,43.86846,613,0,1286485.0,06-13 10:58:00
3,2208,126.54161,43.86321,613,0,3082984.0,06-13 11:16:00
4,2208,126.54756,43.85993,613,0,2979989.0,06-13 11:07:00
5,2208,126.54623,43.8691,613,0,263298.0,06-13 11:50:00
