,courier_id,gps_lng,gps_lat,ds,depot,order_id,gps_time
0,2709,126.585,43.895,917,1,,
1,2709,126.57184,43.89994,917,0,4191291.0,09-17 15:59:00
