,courier_id,gps_lng,gps_lat,ds,depot,order_id,gps_time
0,2709,126.585,43.895,807,1,,
1,2709,126.56298,43.91509,807,0,161423.0,08-07 16:36:00
2,2709,126.5632,43.91039,807,0,2359404.0,08-07 16:31:00
