,courier_id,gps_lng,gps_lat,ds,depot,order_id,gps_time
0,1656,126.585,43.895,527,1,,
1,1656,126.55857,43.916,527,0,266643.0,05-27 12:41:00
2,1656,126.55457,43.91035,527,0,9196.0,05-27 12:51:00
3,1656,126.55859,43.92047,527,0,2080072.0,05-27 12:23:00
4,1656,126.54975,43.9094,527,0,2589604.0,05-27 13:56:00
5,1656,126.55162,43.90625,527,0,215468.0,05-27 14:17:00
6,1656,126.58454,43.8947,527,0,2804403.0,05-27 19:09:00
7,1656,126.55785,43.91692,527,0,2521254.0,05-27 12:34:00
8,1656,126.6219,43.88933,527,0,861543.0,05-27 15:29:00
