,courier_id,gps_lng,gps_lat,ds,depot,order_id,gps_time
0,2688,126.545,43.85,525,1,,
1,2688,126.52848,43.82313,525,0,4507551.0,05-25 22:07:00
