,courier_id,gps_lng,gps_lat,ds,depot,order_id,gps_time
0,1558,126.566,43.871,530,1,,
1,1558,126.56612,43.87063,530,0,222416.0,05-30 14:34:00
