,courier_id,gps_lng,gps_lat,ds,depot,order_id,gps_time
0,2688,126.544,43.85,515,1,,
1,2688,126.52914,43.83647,515,0,2985041.0,05-15 20:28:00
