,courier_id,gps_lng,gps_lat,ds,depot,order_id,gps_time
0,2925,126.54433333333333,43.849333333333334,602,1,,
1,2925,126.51521,43.83295,602,0,1225991.0,06-02 09:54:00
2,2925,126.51498,43.81035,602,0,3790332.0,06-02 11:14:00
3,2925,126.51641,43.81831,602,0,1333895.0,06-02 10:35:00
