,courier_id,gps_lng,gps_lat,ds,depot,order_id,gps_time
0,3458,126.544,43.85,530,1,,
1,3458,126.5315,43.83162,530,0,1127304.0,05-30 18:16:00
2,3458,126.53378,43.82945,530,0,2986956.0,05-30 18:47:00
3,3458,126.5347,43.83297,530,0,1904308.0,05-30 18:28:00
4,3458,126.52778,43.82829,530,0,396365.0,05-30 19:03:00
5,3458,126.54315,43.83521,530,0,1424495.0,05-30 17:57:00
6,3458,126.52918,43.82897,530,0,4367938.0,05-30 18:54:00
