,courier_id,gps_lng,gps_lat,ds,depot,order_id,gps_time
0,1656,126.585,43.895,1022,1,,
1,1656,126.58458,43.89473,1022,0,2495972.0,10-22 17:13:00
