,courier_id,gps_lng,gps_lat,ds,depot,order_id,gps_time
0,1103,126.567,43.812,521,1,,
1,1103,126.51676,43.82184,521,0,4478985.0,05-21 17:59:00
