,courier_id,gps_lng,gps_lat,ds,depot,order_id,gps_time
0,1656,126.585,43.895,712,1,,
1,1656,126.56646,43.92579,712,0,1698727.0,07-12 09:21:00
2,1656,126.54055,43.91389,712,0,145697.0,07-12 09:51:00
3,1656,126.55616,43.91729,712,0,3669139.0,07-12 09:41:00
4,1656,126.53346,43.86294,712,0,2429884.0,07-12 20:35:00
