,courier_id,gps_lng,gps_lat,ds,depot,order_id,gps_time
0,2709,126.585,43.895,813,1,,
1,2709,126.5588,43.90928,813,0,435710.0,08-13 17:07:00
2,2709,126.57063,43.8988,813,0,486424.0,08-13 17:02:00
