,courier_id,gps_lng,gps_lat,ds,depot,order_id,gps_time
0,2618,126.567,43.812,531,1,,
1,2618,126.56876,43.83192,531,0,2247981.0,05-31 13:40:00
2,2618,126.57207,43.83055,531,0,3062724.0,05-31 12:17:00
3,2618,126.56519,43.83177,531,0,3078702.0,05-31 14:56:00
4,2618,126.57372,43.83184,531,0,3192696.0,05-31 11:31:00
5,2618,126.57015,43.83209,531,0,276426.0,05-31 13:10:00
6,2618,126.57135,43.83124,531,0,4170542.0,05-31 12:31:00
