,courier_id,gps_lng,gps_lat,ds,depot,order_id,gps_time
0,588,126.544,43.85,514,1,,
1,588,126.49919,43.81811,514,0,1331958.0,05-14 12:20:00
