,courier_id,gps_lng,gps_lat,ds,depot,order_id,gps_time
0,487,126.567,43.812,614,1,,
1,487,126.52353,43.80372,614,0,3926356.0,06-14 13:58:00
2,487,126.53103,43.80458,614,0,1631368.0,06-14 13:13:00
3,487,126.53672,43.80728,614,0,1088453.0,06-14 12:43:00
4,487,126.58439,43.78136,614,0,100672.0,06-14 11:54:00
5,487,126.57905,43.78221,614,0,617819.0,06-14 11:20:00
6,487,126.52351,43.79937,614,0,1621761.0,06-14 20:14:00
7,487,126.54984,43.79024,614,0,1223435.0,06-14 10:35:00
8,487,126.56025,43.78831,614,0,2632065.0,06-14 10:49:00
