,courier_id,gps_lng,gps_lat,ds,depot,order_id,gps_time
0,638,126.545,43.85,624,1,,
1,638,126.54696,43.84892,624,0,186011.0,06-24 18:35:00
