,courier_id,gps_lng,gps_lat,ds,depot,order_id,gps_time
0,1103,126.567,43.812,514,1,,
1,1103,126.51784,43.82734,514,0,3280431.0,05-14 18:48:00
