,courier_id,gps_lng,gps_lat,ds,depot,order_id,gps_time
0,4322,126.566,43.871,528,1,,
1,4322,126.54606,43.87766,528,0,1299377.0,05-28 09:41:00
2,4322,126.5402,43.87803,528,0,1222404.0,05-28 10:32:00
3,4322,126.54725,43.8767,528,0,2698422.0,05-28 09:28:00
4,4322,126.54735,43.87755,528,0,418677.0,05-28 09:09:00
5,4322,126.55398,43.86261,528,0,4276675.0,05-28 12:19:00
6,4322,126.56391,43.88507,528,0,1803075.0,05-28 16:49:00
7,4322,126.56343,43.88456,528,0,2421466.0,05-28 17:24:00
