,courier_id,gps_lng,gps_lat,ds,depot,order_id,gps_time
0,2709,126.585,43.895,809,1,,
1,2709,126.56396,43.90853,809,0,1131983.0,08-09 16:11:00
