,courier_id,gps_lng,gps_lat,ds,depot,order_id,gps_time
0,487,126.567,43.812,918,1,,
1,487,126.52308,43.80035,918,0,4445572.0,09-18 14:23:00
2,487,126.52139,43.80236,918,0,719493.0,09-18 14:30:00
3,487,126.54577,43.79375,918,0,1922433.0,09-18 09:48:00
4,487,126.54307,43.79166,918,0,4461327.0,09-18 09:55:00
5,487,126.59227,43.77661,918,0,3519651.0,09-18 11:54:00
6,487,126.58125,43.78348,918,0,3405939.0,09-18 11:13:00
7,487,126.59524,43.78017,918,0,2190414.0,09-18 11:29:00
8,487,126.52495,43.80075,918,0,4364.0,09-18 18:03:00
