,courier_id,gps_lng,gps_lat,ds,depot,order_id,gps_time
0,967,126.567,43.812,1008,1,,
1,967,126.67605,43.72841,1008,0,2342353.0,10-08 19:31:00
