,courier_id,gps_lng,gps_lat,ds,depot,order_id,gps_time
0,2709,126.585,43.895,727,1,,
1,2709,126.56464,43.91435,727,0,1816848.0,07-27 17:49:00
2,2709,126.56326,43.91027,727,0,3291164.0,07-27 17:44:00
