,courier_id,gps_lng,gps_lat,ds,depot,order_id,gps_time
0,2208,126.566,43.871,617,1,,
1,2208,126.54457,43.87408,617,0,2310845.0,06-17 12:29:00
2,2208,126.53937,43.87393,617,0,3225150.0,06-17 14:00:00
3,2208,126.54456,43.87621,617,0,2389822.0,06-17 12:41:00
4,2208,126.54757,43.87382,617,0,808139.0,06-17 14:13:00
5,2208,126.54484,43.87495,617,0,421063.0,06-17 12:57:00
6,2208,126.54047,43.87701,617,0,3524108.0,06-17 13:30:00
