,courier_id,gps_lng,gps_lat,ds,depot,order_id,gps_time
0,1656,126.585,43.895,727,1,,
1,1656,126.58464,43.89473,727,0,156131.0,07-27 18:03:00
