,courier_id,gps_lng,gps_lat,ds,depot,order_id,gps_time
0,487,126.567,43.812,805,1,,
1,487,126.55381,43.78731,805,0,1775114.0,08-05 09:33:00
2,487,126.58561,43.78071,805,0,3061528.0,08-05 10:18:00
3,487,126.58082,43.78133,805,0,2144636.0,08-05 10:01:00
4,487,126.58335,43.78261,805,0,1379149.0,08-05 10:08:00
