,courier_id,gps_lng,gps_lat,ds,depot,order_id,gps_time
0,75,126.5655,43.812,626,1,,
1,75,126.54543,43.82281,626,0,3376531.0,06-26 13:39:00
2,75,126.56297,43.83203,626,0,701338.0,06-26 12:28:00
3,75,126.57412,43.82067,626,0,1561731.0,06-26 18:50:00
4,75,126.59421,43.84167,626,0,1122796.0,06-26 20:18:00
5,75,126.57906,43.82299,626,0,3020978.0,06-26 19:41:00
