,courier_id,gps_lng,gps_lat,ds,depot,order_id,gps_time
0,1656,126.585,43.895,818,1,,
1,1656,126.5723,43.92348,818,0,1722964.0,08-18 11:00:00
2,1656,126.56908,43.93005,818,0,1175996.0,08-18 11:39:00
3,1656,126.5547,43.90857,818,0,1189744.0,08-18 10:09:00
4,1656,126.55546,43.90987,818,0,3364302.0,08-18 10:17:00
5,1656,126.57294,43.92321,818,0,2500072.0,08-18 10:47:00
6,1656,126.56445,43.92928,818,0,1569244.0,08-18 12:08:00
7,1656,126.55916,43.91878,818,0,2864549.0,08-18 12:42:00
8,1656,126.58468,43.89473,818,0,1991986.0,08-18 13:59:00
9,1656,126.58466,43.89464,818,0,3898070.0,08-18 16:52:00
