,courier_id,gps_lng,gps_lat,ds,depot,order_id,gps_time
0,2709,126.585,43.895,626,1,,
1,2709,126.55834,43.90346,626,0,1376867.0,06-26 19:17:00
2,2709,126.57911,43.8956,626,0,4363344.0,06-26 19:12:00
3,2709,126.57072,43.89881,626,0,3167360.0,06-26 19:07:00
