,courier_id,gps_lng,gps_lat,ds,depot,order_id,gps_time
0,638,126.544,43.85,626,1,,
1,638,126.55032,43.84064,626,0,28401.0,06-26 11:20:00
2,638,126.56331,43.84412,626,0,3197408.0,06-26 12:03:00
3,638,126.56124,43.84052,626,0,2173520.0,06-26 12:38:00
4,638,126.55407,43.84032,626,0,1298330.0,06-26 13:44:00
