,courier_id,gps_lng,gps_lat,ds,depot,order_id,gps_time
0,1558,126.566,43.871,814,1,,
1,1558,126.56602,43.87075,814,0,2521581.0,08-14 10:08:00
