,courier_id,gps_lng,gps_lat,ds,depot,order_id,gps_time
0,1103,126.5695,43.811499999999995,711,1,,
1,1103,126.57981,43.82719,711,0,3484920.0,07-11 10:35:00
2,1103,126.60699,43.82936,711,0,1709569.0,07-11 10:03:00
3,1103,126.59705,43.83297,711,0,169990.0,07-11 10:10:00
4,1103,126.57572,43.82735,711,0,1094236.0,07-11 10:44:00
5,1103,126.56773,43.81082,711,0,1477410.0,07-11 11:42:00
6,1103,126.57205,43.80534,711,0,1954590.0,07-11 12:01:00
7,1103,126.55125,43.82265,711,0,3450933.0,07-11 20:05:00
8,1103,126.57167,43.81121,711,0,2047438.0,07-11 12:15:00
