,courier_id,gps_lng,gps_lat,ds,depot,order_id,gps_time
0,87,126.54466666666667,43.85033333333333,1015,1,,
1,87,126.55883,43.84077,1015,0,3309656.0,10-15 16:05:00
2,87,126.56057,43.84098,1015,0,2294612.0,10-15 16:35:00
3,87,126.55473,43.84145,1015,0,2325975.0,10-15 14:56:00
4,87,126.55683,43.84227,1015,0,2009650.0,10-15 15:11:00
5,87,126.55141,43.83913,1015,0,2848773.0,10-15 12:52:00
6,87,126.55751,43.84021,1015,0,1322732.0,10-15 14:41:00
7,87,126.55789,43.84394,1015,0,1631525.0,10-15 15:23:00
8,87,126.5454,43.8407,1015,0,737225.0,10-15 11:37:00
