,courier_id,gps_lng,gps_lat,ds,depot,order_id,gps_time
0,2709,126.585,43.895,915,1,,
1,2709,126.57308,43.90003,915,0,1188540.0,09-15 15:12:00
2,2709,126.56342,43.90914,915,0,2079915.0,09-15 15:07:00
