,courier_id,gps_lng,gps_lat,ds,depot,order_id,gps_time
0,1103,126.565,43.812,605,1,,
1,1103,126.57277,43.80929,605,0,2096822.0,06-05 13:34:00
2,1103,126.60199,43.82954,605,0,3234648.0,06-05 17:44:00
3,1103,126.56528,43.82518,605,0,2111129.0,06-05 20:27:00
