,courier_id,gps_lng,gps_lat,ds,depot,order_id,gps_time
0,588,126.545,43.85,629,1,,
1,588,126.54433,43.85049,629,0,2946758.0,06-29 11:35:00
