,courier_id,gps_lng,gps_lat,ds,depot,order_id,gps_time
0,487,126.567,43.812,807,1,,
1,487,126.53073,43.80497,807,0,131075.0,08-07 12:56:00
2,487,126.52943,43.80661,807,0,1147428.0,08-07 12:50:00
3,487,126.53299,43.80765,807,0,1218583.0,08-07 12:26:00
4,487,126.59454,43.77798,807,0,160592.0,08-07 11:45:00
5,487,126.55516,43.7895,807,0,146925.0,08-07 10:38:00
6,487,126.55422,43.78698,807,0,1235120.0,08-07 10:51:00
7,487,126.52037,43.803,807,0,2143867.0,08-07 13:12:00
