,courier_id,gps_lng,gps_lat,ds,depot,order_id,gps_time
0,4322,126.566,43.871,624,1,,
1,4322,126.56767,43.88461,624,0,1793922.0,06-24 16:34:00
2,4322,126.5569,43.8873,624,0,2686867.0,06-24 19:27:00
