,courier_id,gps_lng,gps_lat,ds,depot,order_id,gps_time
0,2709,126.585,43.895,919,1,,
1,2709,126.57663,43.89721,919,0,3946460.0,09-19 14:58:00
2,2709,126.55916,43.90912,919,0,3671253.0,09-19 14:50:00
