,courier_id,gps_lng,gps_lat,ds,depot,order_id,gps_time
0,487,126.567,43.812,612,1,,
1,487,126.52694,43.7999,612,0,4355312.0,06-12 14:06:00
2,487,126.52379,43.80352,612,0,2701443.0,06-12 13:33:00
3,487,126.52266,43.80371,612,0,645478.0,06-12 13:41:00
4,487,126.54596,43.79383,612,0,2950225.0,06-12 10:15:00
5,487,126.52467,43.80068,612,0,891091.0,06-12 20:06:00
