,courier_id,gps_lng,gps_lat,ds,depot,order_id,gps_time
0,75,126.565,43.812,606,1,,
1,75,126.5649,43.82834,606,0,3707264.0,06-06 11:18:00
2,75,126.55279,43.82867,606,0,3803361.0,06-06 19:12:00
3,75,126.56133,43.81303,606,0,472205.0,06-06 19:53:00
