,courier_id,gps_lng,gps_lat,ds,depot,order_id,gps_time
0,2709,126.585,43.895,906,1,,
1,2709,126.56687,43.90544,906,0,358509.0,09-06 17:06:00
2,2709,126.56125,43.89894,906,0,4481277.0,09-06 17:01:00
