,courier_id,gps_lng,gps_lat,ds,depot,order_id,gps_time
0,949,126.566,43.871,626,1,,
1,949,126.59351,43.86165,626,0,261369.0,06-26 13:55:00
2,949,126.59277,43.84,626,0,1841808.0,06-26 16:47:00
3,949,126.59089,43.84133,626,0,156898.0,06-26 16:35:00
