,courier_id,gps_lng,gps_lat,ds,depot,order_id,gps_time
0,3156,126.585,43.895,705,1,,
1,3156,126.55401,43.91322,705,0,400790.0,07-05 13:52:00
2,3156,126.55138,43.90162,705,0,573925.0,07-05 12:34:00
