,courier_id,gps_lng,gps_lat,ds,depot,order_id,gps_time
0,1558,126.566,43.871,1021,1,,
1,1558,126.56638,43.8707,1021,0,2664050.0,10-21 20:40:00
2,1558,126.56601,43.87115,1021,0,2955702.0,10-21 15:13:00
3,1558,126.56631,43.87076,1021,0,1105539.0,10-21 19:41:00
4,1558,126.56638,43.87079,1021,0,1947439.0,10-21 18:47:00
