,courier_id,gps_lng,gps_lat,ds,depot,order_id,gps_time
0,487,126.567,43.812,715,1,,
1,487,126.52215,43.80213,715,0,1897626.0,07-15 13:44:00
2,487,126.52366,43.7997,715,0,1416280.0,07-15 13:53:00
3,487,126.52827,43.80642,715,0,1370547.0,07-15 14:39:00
4,487,126.52994,43.80339,715,0,228803.0,07-15 14:05:00
5,487,126.52993,43.80577,715,0,782826.0,07-15 14:28:00
6,487,126.53221,43.80639,715,0,907962.0,07-15 12:42:00
7,487,126.53305,43.80701,715,0,1404461.0,07-15 12:56:00
8,487,126.5502,43.78811,715,0,2594886.0,07-15 10:03:00
9,487,126.58124,43.78181,715,0,2298839.0,07-15 10:45:00
10,487,126.52477,43.80062,715,0,1766250.0,07-15 20:16:00
