,courier_id,gps_lng,gps_lat,ds,depot,order_id,gps_time
0,161,126.545,43.85,608,1,,
1,161,126.51997,43.89286,608,0,4351986.0,06-08 20:56:00
