,courier_id,gps_lng,gps_lat,ds,depot,order_id,gps_time
0,2709,126.585,43.895,817,1,,
1,2709,126.562,43.90511,817,0,4303422.0,08-17 18:01:00
2,2709,126.56567,43.91378,817,0,2821696.0,08-17 17:56:00
