,courier_id,gps_lng,gps_lat,ds,depot,order_id,gps_time
0,2709,126.585,43.895,518,1,,
1,2709,126.57364,43.91238,518,0,3963555.0,05-18 20:06:00
2,2709,126.56187,43.90831,518,0,2128652.0,05-18 20:00:00
3,2709,126.57385,43.89722,518,0,1345168.0,05-18 19:55:00
