,courier_id,gps_lng,gps_lat,ds,depot,order_id,gps_time
0,2709,126.585,43.895,514,1,,
1,2709,126.56885,43.90229,514,0,3618943.0,05-14 21:22:00
