,courier_id,gps_lng,gps_lat,ds,depot,order_id,gps_time
0,1558,126.566,43.871,1019,1,,
1,1558,126.56639,43.87073,1019,0,1171077.0,10-19 20:43:00
2,1558,126.5663,43.87062,1019,0,4034864.0,10-19 17:49:00
3,1558,126.56622,43.87088,1019,0,371665.0,10-19 13:54:00
