,courier_id,gps_lng,gps_lat,ds,depot,order_id,gps_time
0,2452,126.567,43.812,601,1,,
1,2452,126.58322,43.78194,601,0,2111364.0,06-01 11:21:00
2,2452,126.56372,43.78507,601,0,3313864.0,06-01 09:22:00
3,2452,126.58698,43.86393,601,0,4366665.0,06-01 20:32:00
4,2452,126.55377,43.78785,601,0,1578408.0,06-01 14:34:00
5,2452,126.55366,43.78775,601,0,1340284.0,06-01 14:52:00
6,2452,126.55042,43.78899,601,0,1412432.0,06-01 14:59:00
7,2452,126.55365,43.78782,601,0,2411027.0,06-01 17:20:00
