,courier_id,gps_lng,gps_lat,ds,depot,order_id,gps_time
0,487,126.5655,43.812,624,1,,
1,487,126.58603,43.78081,624,0,1410187.0,06-24 14:01:00
2,487,126.55344,43.78783,624,0,766805.0,06-24 11:42:00
3,487,126.52462,43.80052,624,0,3596743.0,06-24 20:08:00
