,courier_id,gps_lng,gps_lat,ds,depot,order_id,gps_time
0,3073,126.566,43.871,524,1,,
1,3073,126.54005,43.86591,524,0,1012895.0,05-24 19:43:00
2,3073,126.54736,43.86718,524,0,802131.0,05-24 10:57:00
3,3073,126.54992,43.86857,524,0,2210330.0,05-24 11:39:00
4,3073,126.54853,43.86927,524,0,2898189.0,05-24 11:59:00
5,3073,126.5526,43.86897,524,0,1021284.0,05-24 12:51:00
6,3073,126.5555,43.86644,524,0,1965492.0,05-24 13:41:00
7,3073,126.54947,43.86539,524,0,2470218.0,05-24 14:16:00
8,3073,126.55075,43.86681,524,0,910825.0,05-24 14:26:00
