,courier_id,gps_lng,gps_lat,ds,depot,order_id,gps_time
0,2709,126.585,43.895,627,1,,
1,2709,126.56343,43.91037,627,0,3017229.0,06-27 17:11:00
