,courier_id,gps_lng,gps_lat,ds,depot,order_id,gps_time
0,2709,126.585,43.895,803,1,,
1,2709,126.56357,43.91238,803,0,3374886.0,08-03 21:03:00
2,2709,126.55907,43.91409,803,0,2364500.0,08-03 20:58:00
