,courier_id,gps_lng,gps_lat,ds,depot,order_id,gps_time
0,588,126.544,43.85,706,1,,
1,588,126.53611,43.88267,706,0,3625310.0,07-06 11:36:00
