,courier_id,gps_lng,gps_lat,ds,depot,order_id,gps_time
0,2709,126.585,43.895,725,1,,
1,2709,126.56394,43.89995,725,0,758595.0,07-25 15:18:00
2,2709,126.58644,43.89426,725,0,2492733.0,07-25 15:58:00
