,courier_id,gps_lng,gps_lat,ds,depot,order_id,gps_time
0,1656,126.585,43.895,1013,1,,
1,1656,126.5335,43.86315,1013,0,1963355.0,10-13 21:04:00
2,1656,126.58464,43.89473,1013,0,2128218.0,10-13 15:34:00
