,courier_id,gps_lng,gps_lat,ds,depot,order_id,gps_time
0,4474,126.565,43.812,626,1,,
1,4474,126.55412,43.80328,626,0,3505283.0,06-26 13:52:00
2,4474,126.55237,43.80445,626,0,2857340.0,06-26 13:08:00
3,4474,126.55769,43.80056,626,0,2116009.0,06-26 14:38:00
4,4474,126.54965,43.8168,626,0,513075.0,06-26 19:26:00
5,4474,126.56864,43.81885,626,0,1708212.0,06-26 22:13:00
6,4474,126.55205,43.81196,626,0,2334652.0,06-26 20:21:00
