,courier_id,gps_lng,gps_lat,ds,depot,order_id,gps_time
0,4849,126.566,43.871,602,1,,
1,4849,126.57254,43.83943,602,0,366348.0,06-02 10:33:00
2,4849,126.58383,43.84163,602,0,853971.0,06-02 11:14:00
3,4849,126.56738,43.84782,602,0,78530.0,06-02 12:40:00
4,4849,126.56671,43.84817,602,0,4251719.0,06-02 12:53:00
