,courier_id,gps_lng,gps_lat,ds,depot,order_id,gps_time
0,4322,126.566,43.871,605,1,,
1,4322,126.54784,43.87781,605,0,1098748.0,06-05 16:53:00
2,4322,126.54548,43.87898,605,0,3266854.0,06-05 17:02:00
3,4322,126.54515,43.87871,605,0,1524123.0,06-05 17:09:00
4,4322,126.5416,43.87778,605,0,278308.0,06-05 18:10:00
5,4322,126.54126,43.8784,605,0,2934032.0,06-05 18:39:00
6,4322,126.54853,43.87515,605,0,4335346.0,06-05 18:48:00
7,4322,126.54235,43.8789,605,0,3067309.0,06-05 18:33:00
