,courier_id,gps_lng,gps_lat,ds,depot,order_id,gps_time
0,3156,126.585,43.895,701,1,,
1,3156,126.54821,43.90103,701,0,3934993.0,07-01 12:26:00
