,courier_id,gps_lng,gps_lat,ds,depot,order_id,gps_time
0,2709,126.585,43.895,713,1,,
1,2709,126.56831,43.90305,713,0,519232.0,07-13 14:27:00
2,2709,126.56177,43.90483,713,0,609681.0,07-13 14:22:00
