,courier_id,gps_lng,gps_lat,ds,depot,order_id,gps_time
0,2709,126.585,43.895,907,1,,
1,2709,126.56568,43.90455,907,0,1820148.0,09-07 15:04:00
2,2709,126.57168,43.89947,907,0,3177227.0,09-07 14:51:00
3,2709,126.57713,43.89499,907,0,2826497.0,09-07 14:45:00
