,courier_id,gps_lng,gps_lat,ds,depot,order_id,gps_time
0,87,126.544,43.85,1022,1,,
1,87,126.55295,43.83901,1022,0,1072414.0,10-22 13:35:00
