,courier_id,gps_lng,gps_lat,ds,depot,order_id,gps_time
0,1656,126.585,43.895,601,1,,
1,1656,126.56414,43.92194,601,0,4447506.0,06-01 14:06:00
2,1656,126.56002,43.92281,601,0,2275527.0,06-01 14:13:00
