,courier_id,gps_lng,gps_lat,ds,depot,order_id,gps_time
0,75,126.567,43.812,526,1,,
1,75,126.56992,43.81469,526,0,624791.0,05-26 18:40:00
