,courier_id,gps_lng,gps_lat,ds,depot,order_id,gps_time
0,2060,126.567,43.812,602,1,,
1,2060,126.54778,43.81757,602,0,1927554.0,06-02 16:16:00
