,courier_id,gps_time,gps_lng,gps_lat,ds,depot,order_id
0,1656,05-15 14:17:00,126.554,43.912,515,1,
1,1656,05-15 14:31:00,126.554,43.91,515,1,
2,1656,05-15 14:40:00,126.553,43.911,515,1,
3,1656,05-15 15:22:00,126.547,43.907,515,1,
4,1656,05-15 14:18:00,126.55397,43.91186,515,0,1803762.0
5,1656,05-15 14:35:00,126.55322,43.91074,515,0,2306229.0
6,1656,05-15 14:45:00,126.54976,43.90876,515,0,3930809.0
7,1656,05-15 15:28:00,126.54841,43.90988,515,0,442084.0
8,1656,05-15 15:36:00,126.54664,43.90777,515,0,254004.0
