,courier_id,gps_lng,gps_lat,ds,depot,order_id,gps_time
0,2709,126.585,43.895,929,1,,
1,2709,126.56005,43.90636,929,0,2126869.0,09-29 14:56:00
2,2709,126.56688,43.90533,929,0,2446124.0,09-29 15:01:00
3,2709,126.5668,43.89517,929,0,555215.0,09-29 14:51:00
