,courier_id,gps_lng,gps_lat,ds,depot,order_id,gps_time
0,3458,126.5445,43.85,516,1,,
1,3458,126.54238,43.84927,516,0,234984.0,05-16 11:23:00
2,3458,126.55244,43.85115,516,0,3288721.0,05-16 14:37:00
3,3458,126.56119,43.85507,516,0,3883575.0,05-16 16:41:00
4,3458,126.56452,43.85383,516,0,1617452.0,05-16 15:33:00
5,3458,126.5486,43.8503,516,0,2477223.0,05-16 12:54:00
6,3458,126.554,43.85423,516,0,3417104.0,05-16 13:48:00
7,3458,126.55325,43.85269,516,0,3375149.0,05-17 05:03:00
