,courier_id,gps_lng,gps_lat,ds,depot,order_id,gps_time
0,3156,126.585,43.895,710,1,,
1,3156,126.55054,43.907,710,0,29671.0,07-10 14:30:00
2,3156,126.55465,43.91431,710,0,2917593.0,07-10 16:13:00
3,3156,126.55219,43.90837,710,0,2276612.0,07-10 15:30:00
4,3156,126.55264,43.91187,710,0,639922.0,07-10 15:55:00
