,courier_id,gps_lng,gps_lat,ds,depot,order_id,gps_time
0,1656,126.585,43.895,520,1,,
1,1656,126.53348,43.8629,520,0,1300522.0,05-20 21:11:00
2,1656,126.55081,43.90996,520,0,249785.0,05-20 12:26:00
3,1656,126.55225,43.90407,520,0,2468861.0,05-20 11:55:00
4,1656,126.58469,43.89452,520,0,28368.0,05-20 14:14:00
5,1656,126.58456,43.89472,520,0,1688072.0,05-20 15:57:00
6,1656,126.55449,43.9106,520,0,776650.0,05-20 12:11:00
