,courier_id,gps_lng,gps_lat,ds,depot,order_id,gps_time
0,2618,126.567,43.812,601,1,,
1,2618,126.56999,43.83308,601,0,1945789.0,06-01 10:05:00
2,2618,126.56737,43.83104,601,0,2730730.0,06-01 10:53:00
