,courier_id,gps_time,gps_lng,gps_lat,ds,depot,order_id
0,3156,05-17 10:28:00,126.585,43.895,517,1,
1,3156,05-17 11:33:00,126.555,43.899,517,1,
2,3156,05-17 13:22:00,126.54681,43.9078,517,0,2382359.0
3,3156,05-17 16:13:00,126.55145,43.91189,517,0,2264742.0
4,3156,05-17 13:36:00,126.54698,43.91115,517,0,1942657.0
5,3156,05-17 13:43:00,126.54764,43.91132,517,0,398746.0
6,3156,05-17 11:38:00,126.55374,43.90026,517,0,76772.0
