,courier_id,gps_lng,gps_lat,ds,depot,order_id,gps_time
0,1656,126.585,43.895,1016,1,,
1,1656,126.53344,43.86314,1016,0,4130344.0,10-16 19:19:00
2,1656,126.58464,43.89475,1016,0,1666141.0,10-16 13:59:00
