,courier_id,gps_lng,gps_lat,ds,depot,order_id,gps_time
0,4474,126.567,43.812,616,1,,
1,4474,126.55408,43.80572,616,0,1566533.0,06-16 10:16:00
2,4474,126.55544,43.80791,616,0,3655123.0,06-16 10:57:00
3,4474,126.54668,43.81477,616,0,2968262.0,06-16 11:53:00
4,4474,126.56865,43.8191,616,0,12983.0,06-16 19:54:00
5,4474,126.5463,43.81157,616,0,2565700.0,06-16 11:42:00
6,4474,126.54348,43.81388,616,0,4384626.0,06-16 12:26:00
7,4474,126.55899,43.80797,616,0,2030646.0,06-16 09:52:00
8,4474,126.54508,43.81027,616,0,332405.0,06-16 11:14:00
