,courier_id,gps_lng,gps_lat,ds,depot,order_id,gps_time
0,2709,126.585,43.895,805,1,,
1,2709,126.56588,43.90247,805,0,4078257.0,08-05 16:42:00
2,2709,126.56336,43.91039,805,0,998845.0,08-05 16:37:00
