,courier_id,gps_lng,gps_lat,ds,depot,order_id,gps_time
0,1558,126.566,43.871,903,1,,
1,1558,126.57576,43.88583,903,0,454291.0,09-03 10:14:00
2,1558,126.5663,43.87069,903,0,178850.0,09-03 12:01:00
3,1558,126.57427,43.88293,903,0,1556792.0,09-03 10:01:00
4,1558,126.57839,43.88464,903,0,2361215.0,09-03 10:06:00
5,1558,126.54736,43.87159,903,0,1985157.0,09-03 11:44:00
6,1558,126.53917,43.86662,903,0,2349713.0,09-03 11:12:00
7,1558,126.54135,43.86393,903,0,1673853.0,09-03 11:32:00
