,courier_id,gps_lng,gps_lat,ds,depot,order_id,gps_time
0,435,126.566,43.871,602,1,,
1,435,126.53064,43.88204,602,0,1534615.0,06-02 18:16:00
2,435,126.5542,43.87244,602,0,3815639.0,06-02 12:11:00
3,435,126.54881,43.8725,602,0,2074278.0,06-02 11:46:00
4,435,126.56162,43.86071,602,0,2091807.0,06-02 10:34:00
