,courier_id,gps_time,gps_lng,gps_lat,ds,depot,order_id
0,1656,06-02 09:40:00,126.585,43.895,602,1,
1,1656,06-02 17:54:00,126.548,43.907,602,1,
2,1656,06-02 11:41:00,126.56176,43.92117,602,0,2906980.0
3,1656,06-02 18:01:00,126.54726,43.90831,602,0,3953618.0
4,1656,06-02 18:13:00,126.54979,43.91109,602,0,2966996.0
5,1656,06-02 19:06:00,126.58471,43.89464,602,0,2650450.0
