,courier_id,gps_lng,gps_lat,ds,depot,order_id,gps_time
0,2709,126.585,43.895,831,1,,
1,2709,126.56622,43.90494,831,0,3849343.0,08-31 15:44:00
2,2709,126.55898,43.91415,831,0,4119970.0,08-31 15:39:00
