,courier_id,gps_lng,gps_lat,ds,depot,order_id,gps_time
0,949,126.566,43.871,526,1,,
1,949,126.5951,43.84541,526,0,861138.0,05-26 15:51:00
2,949,126.59188,43.83974,526,0,1183356.0,05-26 14:56:00
3,949,126.58662,43.8449,526,0,715413.0,05-26 13:40:00
4,949,126.58818,43.84393,526,0,4155905.0,05-26 14:23:00
5,949,126.59138,43.84944,526,0,69778.0,05-26 13:56:00
6,949,126.56557,43.87044,526,0,268690.0,05-26 18:04:00
