,courier_id,gps_lng,gps_lat,ds,depot,order_id,gps_time
0,3156,126.585,43.895,528,1,,
1,3156,126.55131,43.91085,528,0,1876070.0,05-28 14:41:00
