,courier_id,gps_lng,gps_lat,ds,depot,order_id,gps_time
0,487,126.567,43.812,907,1,,
1,487,126.52652,43.80148,907,0,2739650.0,09-07 11:32:00
2,487,126.55285,43.78738,907,0,1974754.0,09-07 09:42:00
3,487,126.59355,43.77838,907,0,398442.0,09-07 10:24:00
4,487,126.58788,43.78055,907,0,43007.0,09-07 10:13:00
5,487,126.55542,43.78999,907,0,3735269.0,09-07 19:58:00
