,courier_id,gps_lng,gps_lat,ds,depot,order_id,gps_time
0,2709,126.58449999999999,43.8945,531,1,,
1,2709,126.57823,43.89533,531,0,3570465.0,05-31 20:25:00
2,2709,126.5776,43.89704,531,0,804163.0,05-31 20:20:00
