,courier_id,gps_lng,gps_lat,ds,depot,order_id,gps_time
0,2925,126.5445,43.85,606,1,,
1,2925,126.51715,43.83158,606,0,1479315.0,06-06 12:29:00
2,2925,126.5173,43.83291,606,0,4360528.0,06-06 12:44:00
3,2925,126.51941,43.83312,606,0,1978708.0,06-06 13:07:00
4,2925,126.51177,43.83335,606,0,3174575.0,06-06 13:26:00
5,2925,126.51514,43.83021,606,0,1853708.0,06-06 13:59:00
6,2925,126.52387,43.83758,606,0,1892318.0,06-06 10:31:00
7,2925,126.5199,43.836,606,0,2963583.0,06-06 11:38:00
