,courier_id,gps_lng,gps_lat,ds,depot,order_id,gps_time
0,3156,126.585,43.895,524,1,,
1,3156,126.55245,43.90097,524,0,776774.0,05-24 09:36:00
2,3156,126.54849,43.90808,524,0,2311999.0,05-24 10:01:00
3,3156,126.55152,43.91008,524,0,2288799.0,05-24 11:29:00
4,3156,126.55116,43.91109,524,0,3520832.0,05-24 10:59:00
5,3156,126.55146,43.9126,524,0,2282976.0,05-24 11:05:00
6,3156,126.5412,43.91032,524,0,986569.0,05-24 10:15:00
7,3156,126.54668,43.91105,524,0,4013386.0,05-24 10:21:00
8,3156,126.55475,43.91344,524,0,782696.0,05-24 11:53:00
9,3156,126.55498,43.9159,524,0,4316931.0,05-24 12:00:00
10,3156,126.58451,43.89464,524,0,4333581.0,05-24 12:32:00
