,courier_id,gps_lng,gps_lat,ds,depot,order_id,gps_time
0,435,126.566,43.871,625,1,,
1,435,126.56084,43.85825,625,0,883203.0,06-25 15:47:00
2,435,126.55764,43.86112,625,0,1206469.0,06-25 17:04:00
3,435,126.56613,43.87074,625,0,2025099.0,06-25 13:30:00
4,435,126.56555,43.86295,625,0,1077757.0,06-25 14:56:00
5,435,126.55976,43.87008,625,0,4497990.0,06-25 14:25:00
6,435,126.54888,43.87348,625,0,3523598.0,06-25 19:21:00
7,435,126.55119,43.8702,625,0,596142.0,06-25 19:12:00
