,courier_id,gps_lng,gps_lat,ds,depot,order_id,gps_time
0,318,126.567,43.812,516,1,,
1,318,126.54288,43.79165,516,0,2143918.0,05-16 08:46:00
2,318,126.54088,43.79265,516,0,4257932.0,05-16 08:51:00
3,318,126.54981,43.79118,516,0,3333311.0,05-16 09:05:00
4,318,126.55389,43.788,516,0,1780047.0,05-16 09:20:00
5,318,126.57929,43.78223,516,0,1427676.0,05-16 10:20:00
6,318,126.51444,43.81747,516,0,2776576.0,05-16 20:16:00
7,318,126.49463,43.75496,516,0,801367.0,05-16 21:16:00
