,courier_id,gps_lng,gps_lat,ds,depot,order_id,gps_time
0,967,126.567,43.812,905,1,,
1,967,126.67602,43.72864,905,0,597587.0,09-05 19:19:00
