,courier_id,gps_lng,gps_lat,ds,depot,order_id,gps_time
0,1756,126.565,43.812,605,1,,
1,1756,126.59669,43.82478,605,0,3979460.0,06-05 18:34:00
