,courier_id,gps_lng,gps_lat,ds,depot,order_id,gps_time
0,3458,126.5445,43.85,518,1,,
1,3458,126.56171,43.8461,518,0,400241.0,05-18 15:52:00
2,3458,126.55385,43.8535,518,0,180424.0,05-18 14:07:00
3,3458,126.54442,43.85014,518,0,3878182.0,05-18 11:50:00
4,3458,126.54592,43.85148,518,0,2570923.0,05-18 12:54:00
5,3458,126.55318,43.85265,518,0,1127690.0,05-18 19:23:00
