,courier_id,gps_lng,gps_lat,ds,depot,order_id,gps_time
0,1558,126.566,43.871,913,1,,
1,1558,126.53998,43.87034,913,0,3514270.0,09-13 10:23:00
2,1558,126.5391,43.86947,913,0,1370310.0,09-13 10:31:00
3,1558,126.53742,43.87176,913,0,541303.0,09-13 10:53:00
4,1558,126.54197,43.86854,913,0,4200822.0,09-13 11:17:00
5,1558,126.56598,43.87078,913,0,2307927.0,09-13 17:06:00
