,courier_id,gps_lng,gps_lat,ds,depot,order_id,gps_time
0,2709,126.585,43.895,608,1,,
1,2709,126.56338,43.91024,608,0,478955.0,06-08 15:27:00
