,courier_id,gps_lng,gps_lat,ds,depot,order_id,gps_time
0,2709,126.585,43.895,716,1,,
1,2709,126.56054,43.8984,716,0,4003001.0,07-16 14:50:00
2,2709,126.56386,43.91273,716,0,4124312.0,07-16 14:45:00
3,2709,126.58907,43.89499,716,0,2572013.0,07-16 14:40:00
4,2709,126.57753,43.89709,716,0,766546.0,07-16 20:55:00
