,courier_id,gps_lng,gps_lat,ds,depot,order_id,gps_time
0,2709,126.585,43.895,825,1,,
1,2709,126.56355,43.91242,825,0,1200658.0,08-25 16:58:00
2,2709,126.56814,43.90198,825,0,1999370.0,08-25 16:53:00
3,2709,126.5682,43.90198,825,0,3529271.0,08-25 16:48:00
