,courier_id,gps_lng,gps_lat,ds,depot,order_id,gps_time
0,4322,126.566,43.871,617,1,,
1,4322,126.54511,43.87799,617,0,2399943.0,06-17 19:09:00
2,4322,126.54889,43.87604,617,0,865356.0,06-17 18:46:00
3,4322,126.54554,43.87661,617,0,1538771.0,06-17 18:56:00
4,4322,126.54167,43.87837,617,0,4314463.0,06-17 19:27:00
