,courier_id,gps_time,gps_lng,gps_lat,ds,depot,order_id
0,4849,06-26 09:29:00,126.566,43.871,626,1,
1,4849,06-26 12:13:00,126.58,43.843,626,1,
2,4849,06-26 12:26:00,126.5837,43.84425,626,0,984366.0
3,4849,06-26 12:14:00,126.58003,43.84353,626,0,4413414.0
4,4849,06-26 18:07:00,126.57662,43.85119,626,0,1004346.0
