,courier_id,gps_lng,gps_lat,ds,depot,order_id,gps_time
0,2452,126.565,43.812,617,1,,
1,2452,126.58066,43.78198,617,0,4469180.0,06-17 11:37:00
2,2452,126.55257,43.78776,617,0,3765122.0,06-17 13:11:00
3,2452,126.58926,43.8638,617,0,1110184.0,06-17 20:14:00
