,courier_id,gps_lng,gps_lat,ds,depot,order_id,gps_time
0,487,126.567,43.812,519,1,,
1,487,126.54255,43.79256,519,0,3823921.0,05-19 09:45:00
