,courier_id,gps_lng,gps_lat,ds,depot,order_id,gps_time
0,979,126.567,43.812,601,1,,
1,979,126.55878,43.80141,601,0,4467637.0,06-01 13:02:00
2,979,126.54455,43.81628,601,0,2433170.0,06-01 09:29:00
3,979,126.56537,43.81218,601,0,738869.0,06-01 19:55:00
4,979,126.54885,43.81767,601,0,997765.0,06-01 15:29:00
