,courier_id,gps_lng,gps_lat,ds,depot,order_id,gps_time
0,2452,126.567,43.812,603,1,,
1,2452,126.55369,43.78777,603,0,3040395.0,06-03 13:26:00
2,2452,126.49711,43.83092,603,0,3339587.0,06-03 20:21:00
