,courier_id,gps_lng,gps_lat,ds,depot,order_id,gps_time
0,2709,126.585,43.895,829,1,,
1,2709,126.58613,43.89534,829,0,2568755.0,08-29 16:08:00
2,2709,126.56891,43.90833,829,0,2853968.0,08-29 16:03:00
3,2709,126.56025,43.91248,829,0,422080.0,08-29 15:58:00
