,courier_id,gps_lng,gps_lat,ds,depot,order_id,gps_time
0,2208,126.566,43.871,608,1,,
1,2208,126.53957,43.86774,608,0,3299968.0,06-08 15:19:00
2,2208,126.5409,43.86383,608,0,3035574.0,06-08 16:31:00
3,2208,126.53956,43.87072,608,0,3994360.0,06-08 14:53:00
4,2208,126.54015,43.86708,608,0,1569548.0,06-08 16:21:00
5,2208,126.53711,43.87087,608,0,1871419.0,06-08 14:40:00
6,2208,126.53781,43.87222,608,0,463775.0,06-08 15:03:00
