,courier_id,gps_lng,gps_lat,ds,depot,order_id,gps_time
0,588,126.544,43.85,513,1,,
1,588,126.49397,43.80784,513,0,3619717.0,05-13 14:29:00
2,588,126.4982,43.81498,513,0,131989.0,05-13 16:57:00
3,588,126.49727,43.81595,513,0,622848.0,05-13 17:04:00
