,courier_id,gps_lng,gps_lat,ds,depot,order_id,gps_time
0,2688,126.544,43.85,607,1,,
1,2688,126.53157,43.82703,607,0,4131855.0,06-07 15:19:00
2,2688,126.52895,43.82289,607,0,319024.0,06-07 21:34:00
