,courier_id,gps_lng,gps_lat,ds,depot,order_id,gps_time
0,2709,126.585,43.895,811,1,,
1,2709,126.56179,43.90827,811,0,4173419.0,08-11 17:01:00
2,2709,126.56066,43.90823,811,0,2872556.0,08-11 16:56:00
3,2709,126.56054,43.9082,811,0,454950.0,08-11 16:50:00
