,courier_id,gps_lng,gps_lat,ds,depot,order_id,gps_time
0,2709,126.585,43.895,916,1,,
1,2709,126.56263,43.90664,916,0,3473313.0,09-16 15:48:00
2,2709,126.56745,43.90936,916,0,3607007.0,09-16 15:42:00
3,2709,126.5766,43.89726,916,0,1557379.0,09-16 15:37:00
