,courier_id,gps_lng,gps_lat,ds,depot,order_id,gps_time
0,487,126.567,43.812,518,1,,
1,487,126.52382,43.79964,518,0,1096110.0,05-18 20:40:00
