,courier_id,gps_lng,gps_lat,ds,depot,order_id,gps_time
0,1520,126.544,43.85,1019,1,,
1,1520,126.56511,43.84535,1019,0,1339598.0,10-19 12:36:00
