,courier_id,gps_lng,gps_lat,ds,depot,order_id,gps_time
0,2709,126.585,43.895,908,1,,
1,2709,126.55916,43.89728,908,0,2412863.0,09-08 15:34:00
