,courier_id,gps_lng,gps_lat,ds,depot,order_id,gps_time
0,1656,126.585,43.895,516,1,,
1,1656,126.55284,43.9076,516,0,2967620.0,05-16 13:01:00
2,1656,126.55469,43.91011,516,0,3884607.0,05-16 12:44:00
3,1656,126.55339,43.91127,516,0,1752055.0,05-16 12:51:00
4,1656,126.55385,43.9075,516,0,1839152.0,05-16 12:19:00
5,1656,126.55722,43.90893,516,0,98251.0,05-16 12:26:00
6,1656,126.58457,43.89464,516,0,1720633.0,05-16 18:17:00
