,courier_id,gps_lng,gps_lat,ds,depot,order_id,gps_time
0,3156,126.585,43.895,607,1,,
1,3156,126.58463,43.89467,607,0,2097416.0,06-07 15:57:00
