,courier_id,gps_lng,gps_lat,ds,depot,order_id,gps_time
0,487,126.567,43.812,711,1,,
1,487,126.5557,43.79007,711,0,4065981.0,07-11 08:32:00
2,487,126.53097,43.80446,711,0,2289833.0,07-11 09:38:00
3,487,126.52713,43.80244,711,0,4225670.0,07-11 09:44:00
4,487,126.5249,43.80069,711,0,3383934.0,07-11 09:53:00
5,487,126.52571,43.80178,711,0,4445034.0,07-11 20:31:00
