,courier_id,gps_lng,gps_lat,ds,depot,order_id,gps_time
0,487,126.567,43.812,718,1,,
1,487,126.53068,43.80442,718,0,4498405.0,07-18 11:47:00
2,487,126.59534,43.77956,718,0,806703.0,07-18 10:41:00
3,487,126.57594,43.78316,718,0,384596.0,07-18 10:00:00
4,487,126.57553,43.77923,718,0,4129888.0,07-18 10:08:00
5,487,126.55297,43.78614,718,0,826428.0,07-18 09:33:00
6,487,126.5247,43.80106,718,0,4205057.0,07-18 20:11:00
7,487,126.54193,43.79281,718,0,2343312.0,07-18 09:11:00
