,courier_id,gps_lng,gps_lat,ds,depot,order_id,gps_time
0,3156,126.585,43.895,731,1,,
1,3156,126.54737,43.91163,731,0,3990947.0,07-31 14:52:00
2,3156,126.54754,43.91456,731,0,3444933.0,07-31 15:01:00
3,3156,126.55516,43.91426,731,0,4057793.0,07-31 16:30:00
4,3156,126.54483,43.91378,731,0,1501418.0,07-31 15:17:00
5,3156,126.55143,43.91268,731,0,808845.0,07-31 15:36:00
6,3156,126.55085,43.91343,731,0,3380651.0,07-31 16:19:00
7,3156,126.55038,43.90408,731,0,3383266.0,07-31 16:40:00
