,courier_id,gps_lng,gps_lat,ds,depot,order_id,gps_time
0,2709,126.585,43.895,904,1,,
1,2709,126.56142,43.90177,904,0,794483.0,09-04 16:48:00
2,2709,126.566,43.91013,904,0,2925977.0,09-04 16:42:00
