,courier_id,gps_lng,gps_lat,ds,depot,order_id,gps_time
0,1656,126.585,43.895,521,1,,
1,1656,126.55211,43.91045,521,0,1605629.0,05-21 12:04:00
2,1656,126.55807,43.90951,521,0,3896118.0,05-21 11:50:00
3,1656,126.55251,43.90932,521,0,1164526.0,05-21 12:16:00
4,1656,126.55076,43.90823,521,0,484186.0,05-21 12:43:00
5,1656,126.58454,43.89464,521,0,3136031.0,05-21 20:45:00
