,courier_id,gps_lng,gps_lat,ds,depot,order_id,gps_time
0,87,126.544,43.85,1007,1,,
1,87,126.54469,43.83729,1007,0,1432980.0,10-07 09:41:00
2,87,126.5525,43.84005,1007,0,958669.0,10-07 09:51:00
3,87,126.55607,43.84429,1007,0,1443697.0,10-07 10:36:00
4,87,126.55618,43.84114,1007,0,906235.0,10-07 11:16:00
5,87,126.56463,43.84317,1007,0,2683106.0,10-07 11:37:00
6,87,126.56188,43.84374,1007,0,3709045.0,10-07 11:44:00
7,87,126.54125,43.8459,1007,0,1480496.0,10-07 18:42:00
