,courier_id,gps_lng,gps_lat,ds,depot,order_id,gps_time
0,3458,126.5445,43.85,606,1,,
1,3458,126.50403,43.79731,606,0,1555546.0,06-06 12:09:00
2,3458,126.5092,43.81166,606,0,18040.0,06-06 11:20:00
3,3458,126.50689,43.80426,606,0,3662919.0,06-06 12:00:00
4,3458,126.53143,43.82828,606,0,1403928.0,06-06 20:47:00
