,courier_id,gps_lng,gps_lat,ds,depot,order_id,gps_time
0,3073,126.566,43.871,604,1,,
1,3073,126.54612,43.86876,604,0,1916875.0,06-04 11:54:00
2,3073,126.54624,43.86885,604,0,4354358.0,06-04 11:43:00
3,3073,126.55462,43.86755,604,0,2969626.0,06-04 13:20:00
4,3073,126.54738,43.8693,604,0,291328.0,06-04 11:34:00
5,3073,126.55293,43.86836,604,0,2952256.0,06-04 15:01:00
6,3073,126.54024,43.86608,604,0,3877558.0,06-04 16:06:00
