,courier_id,gps_lng,gps_lat,ds,depot,order_id,gps_time
0,2709,126.585,43.895,826,1,,
1,2709,126.55729,43.89917,826,0,356657.0,08-26 16:26:00
2,2709,126.56089,43.90417,826,0,3524663.0,08-26 16:20:00
