,courier_id,gps_lng,gps_lat,ds,depot,order_id,gps_time
0,4474,126.567,43.812,708,1,,
1,4474,126.5517,43.80345,708,0,537430.0,07-08 10:04:00
2,4474,126.55972,43.80754,708,0,277441.0,07-08 08:59:00
3,4474,126.55512,43.80784,708,0,223779.0,07-08 09:10:00
4,4474,126.54647,43.81608,708,0,3468161.0,07-08 10:50:00
5,4474,126.54935,43.81659,708,0,4388174.0,07-08 11:32:00
6,4474,126.55035,43.81424,708,0,2424022.0,07-08 11:40:00
7,4474,126.57091,43.82078,708,0,3117558.0,07-08 18:55:00
8,4474,126.55852,43.80028,708,0,3243887.0,07-08 09:30:00
