,courier_id,gps_lng,gps_lat,ds,depot,order_id,gps_time
0,75,126.565,43.812,605,1,,
1,75,126.57532,43.82533,605,0,3994492.0,06-05 17:18:00
2,75,126.56818,43.82447,605,0,2617856.0,06-05 16:08:00
