,courier_id,gps_lng,gps_lat,ds,depot,order_id,gps_time
0,3458,126.5445,43.85,605,1,,
1,3458,126.50822,43.80442,605,0,4129024.0,06-05 14:58:00
2,3458,126.54298,43.83511,605,0,2644713.0,06-05 11:28:00
3,3458,126.54292,43.8352,605,0,2976291.0,06-05 11:35:00
4,3458,126.54445,43.85026,605,0,1992555.0,06-06 10:02:00
5,3458,126.53103,43.8313,605,0,1973211.0,06-05 12:11:00
6,3458,126.5336,43.83323,605,0,2292658.0,06-05 12:28:00
