,courier_id,gps_lng,gps_lat,ds,depot,order_id,gps_time
0,2709,126.585,43.895,715,1,,
1,2709,126.56264,43.91663,715,0,1594812.0,07-15 17:07:00
2,2709,126.57263,43.91211,715,0,4082028.0,07-15 17:02:00
3,2709,126.55872,43.90377,715,0,614771.0,07-15 16:51:00
