,courier_id,gps_lng,gps_lat,ds,depot,order_id,gps_time
0,2709,126.585,43.895,816,1,,
1,2709,126.57078,43.89733,816,0,366635.0,08-16 17:31:00
2,2709,126.57145,43.91212,816,0,1590486.0,08-16 17:25:00
3,2709,126.57082,43.8973,816,0,616626.0,08-16 17:19:00
4,2709,126.5699,43.89505,816,0,2349928.0,08-16 17:14:00
