,courier_id,gps_lng,gps_lat,ds,depot,order_id,gps_time
0,4322,126.566,43.871,525,1,,
1,4322,126.54034,43.87756,525,0,945085.0,05-25 11:38:00
2,4322,126.54699,43.87626,525,0,1157888.0,05-25 13:52:00
3,4322,126.54088,43.87802,525,0,3885887.0,05-25 15:14:00
4,4322,126.55003,43.87477,525,0,884254.0,05-25 15:27:00
5,4322,126.54698,43.8759,525,0,1267972.0,05-25 13:38:00
6,4322,126.54531,43.87807,525,0,3191893.0,05-25 14:30:00
