,courier_id,gps_lng,gps_lat,ds,depot,order_id,gps_time
0,4322,126.566,43.871,619,1,,
1,4322,126.54839,43.87707,619,0,2894193.0,06-19 17:52:00
2,4322,126.54857,43.87664,619,0,614562.0,06-19 18:14:00
