,courier_id,gps_lng,gps_lat,ds,depot,order_id,gps_time
0,1177,126.5655,43.812,607,1,,
1,1177,126.59536,43.78719,607,0,3881116.0,06-07 14:55:00
2,1177,126.56403,43.81487,607,0,2779926.0,06-07 20:41:00
3,1177,126.60553,43.78651,607,0,2890386.0,06-07 12:56:00
4,1177,126.60379,43.78692,607,0,4508291.0,06-07 11:12:00
5,1177,126.608,43.78618,607,0,3963133.0,06-07 13:45:00
