,courier_id,gps_lng,gps_lat,ds,depot,order_id,gps_time
0,1656,126.585,43.895,819,1,,
1,1656,126.58477,43.89459,819,0,4349393.0,08-19 18:27:00
2,1656,126.56352,43.92048,819,0,3598328.0,08-19 13:05:00
3,1656,126.56907,43.92151,819,0,138732.0,08-19 13:22:00
4,1656,126.58478,43.89468,819,0,2103991.0,08-19 15:34:00
5,1656,126.56382,43.92247,819,0,22697.0,08-19 13:12:00
6,1656,126.57291,43.92316,819,0,45078.0,08-19 13:54:00
7,1656,126.53137,43.92916,819,0,2554342.0,08-19 14:41:00
8,1656,126.5768,43.91706,819,0,931983.0,08-19 13:33:00
