,courier_id,gps_lng,gps_lat,ds,depot,order_id,gps_time
0,1656,126.585,43.895,1021,1,,
1,1656,126.58461,43.89469,1021,0,4461345.0,10-21 18:23:00
2,1656,126.53356,43.86305,1021,0,2436888.0,10-21 20:39:00
3,1656,126.58485,43.89467,1021,0,681569.0,10-21 13:54:00
4,1656,126.58466,43.89478,1021,0,444483.0,10-21 14:11:00
5,1656,126.58468,43.89464,1021,0,706784.0,10-21 14:25:00
