,courier_id,gps_lng,gps_lat,ds,depot,order_id,gps_time
0,1756,126.567,43.812,608,1,,
1,1756,126.5884,43.82439,608,0,1784413.0,06-08 17:07:00
2,1756,126.59158,43.82462,608,0,2077166.0,06-08 17:21:00
3,1756,126.59109,43.82322,608,0,3961231.0,06-08 17:33:00
4,1756,126.5865,43.82315,608,0,522426.0,06-08 16:47:00
5,1756,126.58539,43.82425,608,0,2782317.0,06-08 16:52:00
6,1756,126.58891,43.82223,608,0,3593325.0,06-08 17:48:00
7,1756,126.58541,43.82198,608,0,1115818.0,06-08 19:34:00
