,courier_id,gps_lng,gps_lat,ds,depot,order_id,gps_time
0,1656,126.585,43.895,1019,1,,
1,1656,126.53331,43.86305,1019,0,3037167.0,10-19 20:45:00
2,1656,126.58466,43.89463,1019,0,976091.0,10-19 18:12:00
