,courier_id,gps_lng,gps_lat,ds,depot,order_id,gps_time
0,161,126.5445,43.85,616,1,,
1,161,126.55411,43.85447,616,0,16637.0,06-16 10:48:00
2,161,126.5541,43.85458,616,0,938501.0,06-16 10:57:00
3,161,126.5577,43.84944,616,0,3255892.0,06-16 10:39:00
4,161,126.53716,43.84602,616,0,2206074.0,06-16 09:46:00
5,161,126.54245,43.8506,616,0,1396552.0,06-16 09:57:00
6,161,126.52014,43.89272,616,0,1734119.0,06-16 20:07:00
7,161,126.54341,43.85028,616,0,2557136.0,06-16 09:34:00
