,courier_id,gps_lng,gps_lat,ds,depot,order_id,gps_time
0,3939,126.567,43.812,530,1,,
1,3939,126.56631,43.87287,530,0,250211.0,05-30 12:16:00
2,3939,126.56049,43.82555,530,0,3802239.0,05-30 10:30:00
3,3939,126.58863,43.86402,530,0,3908627.0,05-30 21:35:00
