,courier_id,gps_lng,gps_lat,ds,depot,order_id,gps_time
0,3073,126.566,43.871,527,1,,
1,3073,126.5485,43.86834,527,0,3543757.0,05-27 09:41:00
2,3073,126.54836,43.86832,527,0,1508365.0,05-27 09:50:00
3,3073,126.54987,43.86528,527,0,256628.0,05-27 10:34:00
4,3073,126.54073,43.86548,527,0,2645029.0,05-27 12:53:00
