,courier_id,gps_lng,gps_lat,ds,depot,order_id,gps_time
0,2709,126.585,43.895,707,1,,
1,2709,126.55892,43.91401,707,0,2827593.0,07-07 16:56:00
2,2709,126.56459,43.91231,707,0,2746608.0,07-07 16:51:00
