,courier_id,gps_lng,gps_lat,ds,depot,order_id,gps_time
0,2709,126.585,43.895,819,1,,
1,2709,126.58377,43.89551,819,0,886325.0,08-19 17:03:00
2,2709,126.56812,43.90763,819,0,1298956.0,08-19 16:58:00
3,2709,126.56927,43.90135,819,0,4420493.0,08-19 16:53:00
