,courier_id,gps_lng,gps_lat,ds,depot,order_id,gps_time
0,2709,126.585,43.895,703,1,,
1,2709,126.56538,43.90048,703,0,754710.0,07-03 14:55:00
