,courier_id,gps_lng,gps_lat,ds,depot,order_id,gps_time
0,2709,126.585,43.895,810,1,,
1,2709,126.5651,43.90643,810,0,1981581.0,08-10 17:48:00
2,2709,126.56402,43.9086,810,0,2402474.0,08-10 17:43:00
3,2709,126.5837,43.89428,810,0,3406293.0,08-10 17:38:00
4,2709,126.55694,43.899,810,0,1560365.0,08-10 17:33:00
