,courier_id,gps_time,gps_lng,gps_lat,ds,depot,order_id
0,435,07-12 07:36:00,126.566,43.871,712,1,
1,435,07-12 09:43:00,126.56,43.867,712,1,
2,435,07-12 09:16:00,126.55584,43.87252,712,0,4089652.0
3,435,07-12 08:48:00,126.55345,43.8705,712,0,4379614.0
4,435,07-12 09:36:00,126.55883,43.86626,712,0,977779.0
5,435,07-12 09:09:00,126.55194,43.87392,712,0,3441998.0
6,435,07-12 08:31:00,126.55487,43.87151,712,0,1775895.0
7,435,07-12 09:54:00,126.56615,43.87102,712,0,93764.0
