,courier_id,gps_lng,gps_lat,ds,depot,order_id,gps_time
0,4474,126.567,43.812,615,1,,
1,4474,126.55688,43.80803,615,0,4434701.0,06-15 09:27:00
2,4474,126.55506,43.80581,615,0,479560.0,06-15 09:48:00
3,4474,126.56848,43.81881,615,0,4003202.0,06-15 20:25:00
4,4474,126.55411,43.8058,615,0,1265095.0,06-15 09:41:00
