,courier_id,gps_lng,gps_lat,ds,depot,order_id,gps_time
0,3853,126.529,43.879,604,1,,
1,3853,126.47423,43.94449,604,0,598991.0,06-04 12:33:00
2,3853,126.45584,43.95138,604,0,157354.0,06-04 13:04:00
