,courier_id,gps_lng,gps_lat,ds,depot,order_id,gps_time
0,1656,126.585,43.895,1015,1,,
1,1656,126.58479,43.89472,1015,0,3890848.0,10-15 12:17:00
2,1656,126.58477,43.89466,1015,0,1048293.0,10-15 15:17:00
3,1656,126.53348,43.86305,1015,0,3518897.0,10-15 20:21:00
4,1656,126.53332,43.86306,1015,0,2975669.0,10-15 21:34:00
5,1656,126.58468,43.8946,1015,0,2033663.0,10-15 13:44:00
