,courier_id,gps_lng,gps_lat,ds,depot,order_id,gps_time
0,87,126.5445,43.85,1002,1,,
1,87,126.55583,43.84132,1002,0,3883377.0,10-02 11:59:00
2,87,126.55909,43.84424,1002,0,1710219.0,10-02 12:10:00
3,87,126.56317,43.84403,1002,0,3045260.0,10-02 12:21:00
4,87,126.54137,43.84593,1002,0,1102514.0,10-02 19:13:00
5,87,126.54564,43.83779,1002,0,4500271.0,10-02 10:54:00
6,87,126.54646,43.83705,1002,0,2414747.0,10-02 10:59:00
7,87,126.54715,43.83725,1002,0,83945.0,10-02 11:08:00
8,87,126.55335,43.83868,1002,0,965221.0,10-02 11:30:00
