,courier_id,gps_lng,gps_lat,ds,depot,order_id,gps_time
0,1656,126.585,43.895,805,1,,
1,1656,126.56602,43.92129,805,0,3804004.0,08-05 10:30:00
2,1656,126.55471,43.93399,805,0,1770777.0,08-05 11:43:00
3,1656,126.57183,43.91945,805,0,2824030.0,08-05 10:39:00
4,1656,126.56894,43.93003,805,0,2116049.0,08-05 11:08:00
5,1656,126.56398,43.92675,805,0,34426.0,08-05 11:21:00
6,1656,126.55952,43.91876,805,0,3210994.0,08-05 12:00:00
7,1656,126.55691,43.92301,805,0,2205778.0,08-05 11:34:00
