,courier_id,gps_lng,gps_lat,ds,depot,order_id,gps_time
0,2709,126.585,43.895,823,1,,
1,2709,126.56893,43.89903,823,0,2267725.0,08-23 17:20:00
2,2709,126.56125,43.90596,823,0,179118.0,08-23 17:15:00
