,courier_id,gps_lng,gps_lat,ds,depot,order_id,gps_time
0,1103,126.566,43.812,606,1,,
1,1103,126.57023,43.81277,606,0,877311.0,06-06 21:51:00
