,courier_id,gps_lng,gps_lat,ds,depot,order_id,gps_time
0,2709,126.585,43.895,628,1,,
1,2709,126.56493,43.90804,628,0,2082357.0,06-28 15:23:00
2,2709,126.57067,43.89942,628,0,34392.0,06-28 15:18:00
