,courier_id,gps_lng,gps_lat,ds,depot,order_id,gps_time
0,2688,126.544,43.85,623,1,,
1,2688,126.51646,43.81255,623,0,2664377.0,06-23 18:15:00
2,2688,126.5283,43.82313,623,0,4072743.0,06-23 20:55:00
