,courier_id,gps_lng,gps_lat,ds,depot,order_id,gps_time
0,3156,126.585,43.895,818,1,,
1,3156,126.5464,43.91251,818,0,2180190.0,08-18 16:26:00
2,3156,126.54843,43.91528,818,0,4409811.0,08-18 16:11:00
3,3156,126.55275,43.90883,818,0,515201.0,08-18 16:54:00
4,3156,126.55345,43.91308,818,0,3545758.0,08-18 17:21:00
5,3156,126.55547,43.91514,818,0,3274008.0,08-18 17:35:00
6,3156,126.55664,43.91422,818,0,454885.0,08-18 17:44:00
