,courier_id,gps_lng,gps_lat,ds,depot,order_id,gps_time
0,2208,126.566,43.871,612,1,,
1,2208,126.53715,43.87101,612,0,1766865.0,06-12 09:57:00
2,2208,126.53879,43.87245,612,0,3054833.0,06-12 10:10:00
3,2208,126.53982,43.86803,612,0,3464599.0,06-12 11:45:00
4,2208,126.54429,43.87028,612,0,1256315.0,06-12 12:24:00
5,2208,126.54072,43.86628,612,0,3571983.0,06-12 12:39:00
6,2208,126.53939,43.87005,612,0,9189.0,06-12 11:29:00
7,2208,126.54408,43.8708,612,0,1276443.0,06-12 12:04:00
