,courier_id,gps_lng,gps_lat,ds,depot,order_id,gps_time
0,1558,126.566,43.871,531,1,,
1,1558,126.56592,43.87052,531,0,2268339.0,05-31 18:48:00
