,courier_id,gps_lng,gps_lat,ds,depot,order_id,gps_time
0,2688,126.5445,43.85,625,1,,
1,2688,126.54283,43.84866,625,0,4084747.0,06-25 21:02:00
2,2688,126.51338,43.81763,625,0,172215.0,06-25 11:52:00
3,2688,126.51948,43.81592,625,0,3824702.0,06-25 14:16:00
4,2688,126.52874,43.82007,625,0,3628343.0,06-25 19:21:00
5,2688,126.52933,43.82617,625,0,3019966.0,06-25 17:35:00
