,courier_id,gps_lng,gps_lat,ds,depot,order_id,gps_time
0,1656,126.585,43.895,720,1,,
1,1656,126.55288,43.90604,720,0,591130.0,07-20 09:40:00
