,courier_id,gps_lng,gps_lat,ds,depot,order_id,gps_time
0,1558,126.566,43.871,601,1,,
1,1558,126.56587,43.87087,601,0,4061580.0,06-01 13:34:00
