,courier_id,gps_lng,gps_lat,ds,depot,order_id,gps_time
0,2688,126.545,43.85,530,1,,
1,2688,126.52187,43.82649,530,0,531087.0,05-30 17:25:00
2,2688,126.53139,43.82145,530,0,2519276.0,05-30 21:03:00
3,2688,126.53199,43.82233,530,0,3068806.0,05-30 21:40:00
4,2688,126.53214,43.82292,530,0,3320648.0,05-30 20:28:00
5,2688,126.53272,43.82468,530,0,416036.0,05-30 19:39:00
