,courier_id,gps_lng,gps_lat,ds,depot,order_id,gps_time
0,435,126.566,43.871,626,1,,
1,435,126.54826,43.86035,626,0,3793533.0,06-26 12:38:00
