,courier_id,gps_lng,gps_lat,ds,depot,order_id,gps_time
0,1656,126.585,43.895,803,1,,
1,1656,126.57053,43.92787,803,0,1455814.0,08-03 11:30:00
2,1656,126.55496,43.9098,803,0,2922215.0,08-03 10:08:00
3,1656,126.56429,43.92295,803,0,1301916.0,08-03 10:40:00
4,1656,126.57412,43.91977,803,0,2197274.0,08-03 10:56:00
5,1656,126.56412,43.92832,803,0,2736368.0,08-03 11:35:00
6,1656,126.56688,43.91852,803,0,816105.0,08-03 10:50:00
7,1656,126.57514,43.92111,803,0,2600451.0,08-03 11:03:00
8,1656,126.5703,43.93022,803,0,3033090.0,08-03 11:22:00
9,1656,126.55993,43.9229,803,0,3434694.0,08-03 11:41:00
10,1656,126.559,43.92147,803,0,3727748.0,08-03 11:57:00
