,courier_id,gps_lng,gps_lat,ds,depot,order_id,gps_time
0,3156,126.585,43.895,526,1,,
1,3156,126.55072,43.91325,526,0,1737776.0,05-26 16:23:00
2,3156,126.54869,43.91419,526,0,316414.0,05-26 15:05:00
