,courier_id,gps_lng,gps_lat,ds,depot,order_id,gps_time
0,2709,126.585,43.895,830,1,,
1,2709,126.57355,43.89664,830,0,3488164.0,08-30 15:25:00
2,2709,126.56301,43.90846,830,0,2202834.0,08-30 15:20:00
