,courier_id,gps_lng,gps_lat,ds,depot,order_id,gps_time
0,2709,126.585,43.895,926,1,,
1,2709,126.5612,43.89895,926,0,2032556.0,09-26 14:15:00
2,2709,126.56114,43.89907,926,0,2798896.0,09-26 14:10:00
