,courier_id,gps_lng,gps_lat,ds,depot,order_id,gps_time
0,1558,126.566,43.871,909,1,,
1,1558,126.56636,43.87073,909,0,4297642.0,09-09 18:54:00
2,1558,126.57449,43.88389,909,0,2714481.0,09-09 08:29:00
3,1558,126.57742,43.88557,909,0,2916955.0,09-09 08:52:00
4,1558,126.57692,43.88418,909,0,1424943.0,09-09 08:43:00
