,courier_id,gps_lng,gps_lat,ds,depot,order_id,gps_time
0,638,126.544,43.85,625,1,,
1,638,126.55877,43.84037,625,0,3756794.0,06-25 14:43:00
2,638,126.56333,43.84423,625,0,351186.0,06-25 13:56:00
