,courier_id,gps_lng,gps_lat,ds,depot,order_id,gps_time
0,3853,126.529,43.879,519,1,,
1,3853,126.41697,43.99768,519,0,1444870.0,05-19 13:22:00
2,3853,126.4744,43.94352,519,0,4442811.0,05-19 18:15:00
3,3853,126.47476,43.94456,519,0,3231677.0,05-19 20:22:00
4,3853,126.47488,43.94443,519,0,2090947.0,05-19 18:57:00
