,courier_id,gps_lng,gps_lat,ds,depot,order_id,gps_time
0,1656,126.585,43.895,710,1,,
1,1656,126.58465,43.89475,710,0,1940446.0,07-10 08:42:00
2,1656,126.56,43.92282,710,0,4216481.0,07-10 11:17:00
3,1656,126.55405,43.93146,710,0,3562606.0,07-10 11:29:00
4,1656,126.56287,43.92821,710,0,2734949.0,07-10 11:04:00
5,1656,126.58465,43.89464,710,0,3230532.0,07-10 16:32:00
6,1656,126.56495,43.92506,710,0,3251752.0,07-10 10:46:00
