,courier_id,gps_lng,gps_lat,ds,depot,order_id,gps_time
0,3458,126.5445,43.85,531,1,,
1,3458,126.51271,43.8189,531,0,2017684.0,05-31 15:13:00
2,3458,126.54148,43.83552,531,0,1653792.0,05-31 12:42:00
3,3458,126.53151,43.83157,531,0,2249245.0,05-31 13:18:00
4,3458,126.5307,43.82727,531,0,1622004.0,06-01 07:09:00
