,courier_id,gps_lng,gps_lat,ds,depot,order_id,gps_time
0,2709,126.585,43.895,619,1,,
1,2709,126.56936,43.89637,619,0,1831929.0,06-19 21:06:00
2,2709,126.56389,43.91281,619,0,2268407.0,06-19 21:01:00
