,courier_id,gps_lng,gps_lat,ds,depot,order_id,gps_time
0,1656,126.585,43.895,1002,1,,
1,1656,126.53343,43.86307,1002,0,2896512.0,10-02 18:41:00
2,1656,126.5764,43.92068,1002,0,461847.0,10-02 11:37:00
3,1656,126.56475,43.92157,1002,0,4357791.0,10-02 11:51:00
4,1656,126.58473,43.89474,1002,0,2050550.0,10-02 14:07:00
5,1656,126.5335,43.86309,1002,0,1902569.0,10-02 16:34:00
6,1656,126.54684,43.909,1002,0,3277882.0,10-02 14:33:00
7,1656,126.53342,43.86302,1002,0,3799449.0,10-02 18:47:00
