,courier_id,gps_lng,gps_lat,ds,depot,order_id,gps_time
0,2709,126.585,43.895,806,1,,
1,2709,126.56667,43.90315,806,0,2727639.0,08-06 17:11:00
2,2709,126.57245,43.89857,806,0,962476.0,08-06 17:06:00
