,courier_id,gps_lng,gps_lat,ds,depot,order_id,gps_time
0,1103,126.567,43.812,602,1,,
1,1103,126.57308,43.80757,602,0,4118547.0,06-02 19:34:00
