,courier_id,gps_lng,gps_lat,ds,depot,order_id,gps_time
0,4322,126.566,43.871,602,1,,
1,4322,126.56447,43.88266,602,0,4443563.0,06-02 09:06:00
2,4322,126.56269,43.88561,602,0,2023378.0,06-02 09:42:00
3,4322,126.55678,43.88557,602,0,2389039.0,06-02 12:08:00
