,courier_id,gps_lng,gps_lat,ds,depot,order_id,gps_time
0,2925,126.544,43.85,626,1,,
1,2925,126.51797,43.82747,626,0,1944031.0,06-26 16:01:00
2,2925,126.51796,43.8274,626,0,3880448.0,06-26 18:02:00
3,2925,126.51657,43.82541,626,0,1538324.0,06-26 14:07:00
