,courier_id,gps_lng,gps_lat,ds,depot,order_id,gps_time
0,2709,126.585,43.895,720,1,,
1,2709,126.55841,43.90994,720,0,1921811.0,07-20 15:36:00
