,courier_id,gps_lng,gps_lat,ds,depot,order_id,gps_time
0,2709,126.585,43.895,922,1,,
1,2709,126.56273,43.91349,922,0,4477171.0,09-22 16:24:00
2,2709,126.577,43.89585,922,0,1641945.0,09-22 16:19:00
