,courier_id,gps_lng,gps_lat,ds,depot,order_id,gps_time
0,2709,126.585,43.895,914,1,,
1,2709,126.57107,43.89484,914,0,1218921.0,09-14 15:58:00
2,2709,126.56854,43.89632,914,0,1799785.0,09-14 15:53:00
3,2709,126.5678,43.89963,914,0,3385104.0,09-14 15:48:00
