,courier_id,gps_lng,gps_lat,ds,depot,order_id,gps_time
0,949,126.566,43.871,625,1,,
1,949,126.58903,43.84158,625,0,3840425.0,06-25 14:05:00
2,949,126.5888,43.85475,625,0,1129603.0,06-25 19:44:00
3,949,126.59075,43.84166,625,0,3486870.0,06-25 17:10:00
4,949,126.59144,43.83815,625,0,1773547.0,06-25 17:36:00
