,courier_id,gps_lng,gps_lat,ds,depot,order_id,gps_time
0,2709,126.585,43.895,808,1,,
1,2709,126.55831,43.90453,808,0,1994006.0,08-08 19:29:00
2,2709,126.5583,43.90455,808,0,3667956.0,08-08 19:24:00
3,2709,126.56772,43.90143,808,0,1806435.0,08-08 19:19:00
