,courier_id,gps_lng,gps_lat,ds,depot,order_id,gps_time
0,3559,126.567,43.812,604,1,,
1,3559,126.55274,43.817,604,0,39121.0,06-04 15:28:00
2,3559,126.54435,43.81131,604,0,64652.0,06-04 16:32:00
3,3559,126.58243,43.80645,604,0,4433929.0,06-04 20:53:00
4,3559,126.55544,43.81191,604,0,948121.0,06-04 14:50:00
5,3559,126.54652,43.81463,604,0,1652458.0,06-04 15:12:00
6,3559,126.54706,43.81793,604,0,3174897.0,06-04 15:19:00
7,3559,126.55358,43.81888,604,0,1095964.0,06-04 15:34:00
8,3559,126.55069,43.82026,604,0,4378408.0,06-04 15:44:00
