,courier_id,gps_lng,gps_lat,ds,depot,order_id,gps_time
0,1558,126.566,43.871,831,1,,
1,1558,126.57426,43.88561,831,0,4015826.0,08-31 10:26:00
