,courier_id,gps_lng,gps_lat,ds,depot,order_id,gps_time
0,2709,126.585,43.895,630,1,,
1,2709,126.56216,43.91066,630,0,2473953.0,06-30 17:55:00
