,courier_id,gps_lng,gps_lat,ds,depot,order_id,gps_time
0,218,126.567,43.812,929,1,,
1,218,126.60186,43.83402,929,0,1774999.0,09-29 15:54:00
