,courier_id,gps_lng,gps_lat,ds,depot,order_id,gps_time
0,2452,126.567,43.812,604,1,,
1,2452,126.58589,43.78096,604,0,2773757.0,06-04 11:48:00
2,2452,126.55363,43.7876,604,0,3159730.0,06-04 15:14:00
3,2452,126.58876,43.86439,604,0,63161.0,06-04 16:42:00
4,2452,126.54544,43.79279,604,0,1774590.0,06-04 13:14:00
5,2452,126.54386,43.79111,604,0,1373980.0,06-04 13:42:00
6,2452,126.54201,43.79273,604,0,1875765.0,06-04 13:35:00
