,courier_id,gps_lng,gps_lat,ds,depot,order_id,gps_time
0,487,126.5655,43.812,619,1,,
1,487,126.53056,43.80446,619,0,2306767.0,06-19 17:29:00
2,487,126.53232,43.80613,619,0,4018315.0,06-19 16:41:00
3,487,126.53496,43.80536,619,0,3787178.0,06-19 16:09:00
4,487,126.53458,43.80228,619,0,1552737.0,06-19 16:03:00
5,487,126.53671,43.80632,619,0,3582387.0,06-19 14:51:00
6,487,126.5369,43.80509,619,0,2943065.0,06-19 14:35:00
7,487,126.59243,43.81739,619,0,1441281.0,06-19 19:58:00
8,487,126.52988,43.80294,619,0,2196695.0,06-19 21:40:00
