,courier_id,gps_lng,gps_lat,ds,depot,order_id,gps_time
0,3073,126.566,43.871,608,1,,
1,3073,126.55432,43.86695,608,0,2881406.0,06-08 13:03:00
2,3073,126.54886,43.86602,608,0,3295626.0,06-08 13:28:00
3,3073,126.55021,43.868,608,0,3254121.0,06-08 13:45:00
4,3073,126.54034,43.8663,608,0,2471639.0,06-08 18:38:00
