,courier_id,gps_lng,gps_lat,ds,depot,order_id,gps_time
0,2709,126.585,43.895,928,1,,
1,2709,126.55897,43.91428,928,0,2064557.0,09-28 15:28:00
2,2709,126.57693,43.89582,928,0,2646837.0,09-28 15:23:00
