,courier_id,gps_lng,gps_lat,ds,depot,order_id,gps_time
0,949,126.566,43.871,605,1,,
1,949,126.56598,43.8714,605,0,837072.0,06-05 18:29:00
2,949,126.59329,43.83971,605,0,2680841.0,06-05 17:07:00
3,949,126.59262,43.83999,605,0,51903.0,06-05 16:55:00
4,949,126.59267,43.84035,605,0,4066904.0,06-05 16:40:00
5,949,126.59142,43.84041,605,0,1599336.0,06-05 16:32:00
