,courier_id,gps_lng,gps_lat,ds,depot,order_id,gps_time
0,967,126.567,43.812,1002,1,,
1,967,126.67606,43.72864,1002,0,1355439.0,10-02 19:09:00
