,courier_id,gps_lng,gps_lat,ds,depot,order_id,gps_time
0,75,126.565,43.812,623,1,,
1,75,126.54655,43.82221,623,0,2664815.0,06-23 20:28:00
