,courier_id,gps_lng,gps_lat,ds,depot,order_id,gps_time
0,487,126.567,43.812,516,1,,
1,487,126.53084,43.80505,516,0,508616.0,05-16 09:42:00
2,487,126.52369,43.79928,516,0,3930609.0,05-16 20:45:00
3,487,126.52277,43.79971,516,0,2664834.0,05-16 09:56:00
4,487,126.5369,43.80504,516,0,3091594.0,05-16 08:52:00
5,487,126.52457,43.80041,516,0,3033198.0,05-16 10:04:00
6,487,126.52377,43.79923,516,0,3765321.0,05-16 21:12:00
