,courier_id,gps_lng,gps_lat,ds,depot,order_id,gps_time
0,4849,126.566,43.871,514,1,,
1,4849,126.56755,43.84637,514,0,4359549.0,05-14 17:07:00
