,courier_id,gps_lng,gps_lat,ds,depot,order_id,gps_time
0,1656,126.585,43.895,714,1,,
1,1656,126.56504,43.92743,714,0,4040354.0,07-14 11:57:00
2,1656,126.55372,43.90683,714,0,2024490.0,07-14 10:21:00
3,1656,126.57698,43.91789,714,0,2396942.0,07-14 10:57:00
4,1656,126.56697,43.92797,714,0,256588.0,07-14 12:03:00
5,1656,126.56905,43.91757,714,0,2275823.0,07-14 10:45:00
6,1656,126.57055,43.94759,714,0,3780485.0,07-14 12:21:00
7,1656,126.57618,43.9052,714,0,814118.0,07-14 16:55:00
8,1656,126.55751,43.91186,714,0,566663.0,07-14 10:29:00
