,courier_id,gps_lng,gps_lat,ds,depot,order_id,gps_time
0,2709,126.585,43.895,517,1,,
1,2709,126.56719,43.89908,517,0,2957475.0,05-17 21:02:00
2,2709,126.55895,43.91413,517,0,633826.0,05-17 20:57:00
