,courier_id,gps_lng,gps_lat,ds,depot,order_id,gps_time
0,1656,126.585,43.895,607,1,,
1,1656,126.55283,43.9086,607,0,3539408.0,06-07 11:07:00
2,1656,126.60906,43.90088,607,0,3909936.0,06-07 13:44:00
