,courier_id,gps_lng,gps_lat,ds,depot,order_id,gps_time
0,1656,126.585,43.895,530,1,,
1,1656,126.56441,43.91323,530,0,1219749.0,05-30 14:49:00
2,1656,126.55141,43.9058,530,0,2693342.0,05-30 12:01:00
3,1656,126.55391,43.9076,530,0,3128077.0,05-30 11:15:00
4,1656,126.55157,43.90605,530,0,4322829.0,05-30 11:51:00
5,1656,126.55721,43.90994,530,0,883809.0,05-30 11:30:00
6,1656,126.53349,43.86296,530,0,1101252.0,05-30 21:13:00
