,courier_id,gps_lng,gps_lat,ds,depot,order_id,gps_time
0,3073,126.566,43.871,624,1,,
1,3073,126.54966,43.86731,624,0,1995517.0,06-24 12:14:00
2,3073,126.54083,43.86927,624,0,453263.0,06-24 13:48:00
