,courier_id,gps_lng,gps_lat,ds,depot,order_id,gps_time
0,4609,126.566,43.871,619,1,,
1,4609,126.58282,43.85033,619,0,1622925.0,06-19 11:04:00
2,4609,126.57808,43.84901,619,0,1767061.0,06-19 09:47:00
3,4609,126.58216,43.8503,619,0,3892814.0,06-19 10:54:00
4,4609,126.57745,43.8482,619,0,2713474.0,06-19 11:53:00
5,4609,126.5804,43.84695,619,0,2766250.0,06-19 13:20:00
