,courier_id,gps_lng,gps_lat,ds,depot,order_id,gps_time
0,487,126.567,43.812,806,1,,
1,487,126.53685,43.80675,806,0,1200285.0,08-06 11:10:00
2,487,126.53696,43.80392,806,0,3319202.0,08-06 11:18:00
3,487,126.52836,43.80561,806,0,2308576.0,08-06 11:51:00
4,487,126.52718,43.80625,806,0,2415063.0,08-06 12:09:00
5,487,126.54335,43.79184,806,0,1104079.0,08-06 09:07:00
