,courier_id,gps_lng,gps_lat,ds,depot,order_id,gps_time
0,2709,126.585,43.8945,526,1,,
1,2709,126.55576,43.90929,526,0,4070240.0,05-26 19:03:00
2,2709,126.56341,43.91039,526,0,2091488.0,05-26 18:58:00
3,2709,126.56048,43.91501,526,0,570343.0,05-26 18:52:00
4,2709,126.56471,43.9144,526,0,4115892.0,05-26 18:47:00
5,2709,126.58612,43.89408,526,0,3106454.0,05-26 19:31:00
6,2709,126.56433,43.90872,526,0,867994.0,05-26 18:41:00
