,courier_id,gps_lng,gps_lat,ds,depot,order_id,gps_time
0,2709,126.585,43.895,724,1,,
1,2709,126.57367,43.91195,724,0,1840815.0,07-24 15:50:00
2,2709,126.5644,43.91069,724,0,1101194.0,07-24 15:45:00
