,courier_id,gps_lng,gps_lat,ds,depot,order_id,gps_time
0,3458,126.544,43.85,625,1,,
1,3458,126.49098,43.81608,625,0,1012045.0,06-25 16:30:00
