,courier_id,gps_lng,gps_lat,ds,depot,order_id,gps_time
0,2709,126.585,43.895,710,1,,
1,2709,126.56254,43.90526,710,0,3212833.0,07-10 15:57:00
