,courier_id,gps_lng,gps_lat,ds,depot,order_id,gps_time
0,3030,126.567,43.812,1007,1,,
1,3030,126.56512,43.80459,1007,0,939016.0,10-07 20:36:00
