,courier_id,gps_lng,gps_lat,ds,depot,order_id,gps_time
0,3030,126.567,43.812,1021,1,,
1,3030,126.56435,43.80361,1021,0,2529468.0,10-21 18:50:00
