,courier_id,gps_lng,gps_lat,ds,depot,order_id,gps_time
0,949,126.566,43.871,616,1,,
1,949,126.5897,43.85918,616,0,4267463.0,06-16 11:31:00
2,949,126.58617,43.86377,616,0,3645550.0,06-16 12:03:00
3,949,126.5918,43.8397,616,0,2817899.0,06-16 10:08:00
4,949,126.58916,43.84743,616,0,1833713.0,06-16 09:15:00
5,949,126.58834,43.83882,616,0,3781571.0,06-16 09:36:00
6,949,126.58655,43.83684,616,0,1044603.0,06-16 09:45:00
