,courier_id,gps_lng,gps_lat,ds,depot,order_id,gps_time
0,2709,126.585,43.895,722,1,,
1,2709,126.57069,43.89882,722,0,1322886.0,07-22 16:17:00
2,2709,126.55565,43.90929,722,0,4234326.0,07-22 16:11:00
3,2709,126.55907,43.90155,722,0,4157399.0,07-22 16:06:00
4,2709,126.56623,43.91056,722,0,2452012.0,07-22 16:01:00
