,courier_id,gps_lng,gps_lat,ds,depot,order_id,gps_time
0,2688,126.5445,43.85,605,1,,
1,2688,126.53859,43.84361,605,0,2966754.0,06-05 21:21:00
2,2688,126.53111,43.8281,605,0,3112090.0,06-05 19:40:00
3,2688,126.51823,43.82248,605,0,690739.0,06-05 18:00:00
4,2688,126.52099,43.82042,605,0,2861770.0,06-05 18:55:00
5,2688,126.52312,43.82619,605,0,419388.0,06-05 19:10:00
6,2688,126.5155,43.81887,605,0,1872644.0,06-05 18:12:00
