,courier_id,gps_time,gps_lng,gps_lat,ds,depot,order_id
0,2688,06-24 09:34:00,126.544,43.85,624,1,
1,2688,06-24 10:27:00,126.545,43.85,624,1,
2,2688,06-24 15:49:00,126.526,43.814,624,1,
3,2688,06-24 14:53:00,126.52636,43.81463,624,0,2592377.0
4,2688,06-24 20:16:00,126.52854,43.82317,624,0,3530916.0
5,2688,06-24 17:03:00,126.5148,43.81754,624,0,3053416.0
6,2688,06-24 18:02:00,126.52223,43.82442,624,0,2059784.0
