,courier_id,gps_lng,gps_lat,ds,depot,order_id,gps_time
0,2925,126.5445,43.85,710,1,,
1,2925,126.51784,43.82746,710,0,3321484.0,07-11 11:50:00
2,2925,126.51919,43.8286,710,0,1892884.0,07-10 10:15:00
3,2925,126.52345,43.83752,710,0,4323369.0,07-10 08:55:00
4,2925,126.52421,43.83654,710,0,881160.0,07-10 09:08:00
5,2925,126.51551,43.8321,710,0,2431166.0,07-10 09:34:00
6,2925,126.51764,43.83339,710,0,987396.0,07-10 09:46:00
7,2925,126.52014,43.8331,710,0,2776782.0,07-10 09:55:00
8,2925,126.51336,43.83267,710,0,1145709.0,07-10 10:07:00
