,courier_id,gps_lng,gps_lat,ds,depot,order_id,gps_time
0,1103,126.568,43.812,626,1,,
1,1103,126.58879,43.82878,626,0,1366608.0,06-26 12:30:00
2,1103,126.55099,43.80916,626,0,2206357.0,06-26 21:53:00
3,1103,126.56627,43.83119,626,0,4148350.0,06-26 19:07:00
4,1103,126.57141,43.83231,626,0,310708.0,06-26 19:23:00
5,1103,126.57557,43.82906,626,0,361772.0,06-26 17:00:00
6,1103,126.57154,43.8116,626,0,4080404.0,06-26 20:26:00
7,1103,126.56184,43.81241,626,0,3908316.0,06-26 21:36:00
