,courier_id,gps_lng,gps_lat,ds,depot,order_id,gps_time
0,2709,126.585,43.895,924,1,,
1,2709,126.57001,43.89739,924,0,2640753.0,09-24 14:04:00
2,2709,126.56833,43.90301,924,0,2474072.0,09-24 14:09:00
