,courier_id,gps_lng,gps_lat,ds,depot,order_id,gps_time
0,1558,126.566,43.871,901,1,,
1,1558,126.57547,43.88514,901,0,3782683.0,09-01 11:01:00
2,1558,126.56595,43.87064,901,0,429168.0,09-01 18:05:00
