,courier_id,gps_lng,gps_lat,ds,depot,order_id,gps_time
0,487,126.565,43.812,605,1,,
1,487,126.52364,43.79928,605,0,1742979.0,06-05 20:33:00
