,courier_id,gps_lng,gps_lat,ds,depot,order_id,gps_time
0,435,126.566,43.871,521,1,,
1,435,126.5502,43.85927,521,0,652335.0,05-21 13:10:00
2,435,126.55915,43.85858,521,0,2079230.0,05-21 11:34:00
3,435,126.56595,43.87067,521,0,572487.0,05-21 14:46:00
4,435,126.55278,43.87044,521,0,532511.0,05-21 18:23:00
5,435,126.55303,43.87482,521,0,4277884.0,05-21 15:40:00
6,435,126.55554,43.87396,521,0,4500550.0,05-21 15:52:00
