,courier_id,gps_lng,gps_lat,ds,depot,order_id,gps_time
0,4849,126.566,43.871,526,1,,
1,4849,126.58182,43.83924,526,0,2894339.0,05-26 17:58:00
2,4849,126.5798,43.83935,526,0,3091676.0,05-26 18:11:00
3,4849,126.5741,43.84385,526,0,1505240.0,05-26 15:03:00
4,4849,126.56935,43.84216,526,0,257654.0,05-26 15:17:00
5,4849,126.57348,43.84493,526,0,389389.0,05-26 14:51:00
