,courier_id,gps_lng,gps_lat,ds,depot,order_id,gps_time
0,435,126.566,43.871,805,1,,
1,435,126.55725,43.86844,805,0,1930660.0,08-05 11:20:00
2,435,126.56315,43.86242,805,0,2649731.0,08-05 12:50:00
3,435,126.55077,43.87136,805,0,4155885.0,08-05 10:54:00
4,435,126.55454,43.87042,805,0,4247762.0,08-05 11:02:00
5,435,126.55416,43.87421,805,0,3636815.0,08-05 10:40:00
6,435,126.56178,43.87069,805,0,3433273.0,08-05 09:37:00
7,435,126.56023,43.87057,805,0,3418561.0,08-05 09:46:00
8,435,126.56061,43.87238,805,0,3478347.0,08-05 10:27:00
9,435,126.55792,43.87027,805,0,705412.0,08-05 09:59:00
10,435,126.55364,43.87309,805,0,1482175.0,08-05 11:11:00
11,435,126.5621,43.87234,805,0,763801.0,08-05 09:28:00
