,courier_id,gps_lng,gps_lat,ds,depot,order_id,gps_time
0,2709,126.58449999999999,43.895,818,1,,
1,2709,126.55817,43.90061,818,0,466042.0,08-18 16:44:00
2,2709,126.58631,43.89417,818,0,3185831.0,08-18 16:38:00
