,courier_id,gps_lng,gps_lat,ds,depot,order_id,gps_time
0,1656,126.585,43.895,1008,1,,
1,1656,126.57374,43.92316,1008,0,1144223.0,10-08 11:18:00
2,1656,126.57375,43.92978,1008,0,3479186.0,10-08 12:10:00
3,1656,126.57164,43.93034,1008,0,4089682.0,10-08 12:16:00
4,1656,126.53355,43.86306,1008,0,1882921.0,10-08 20:12:00
5,1656,126.53343,43.86317,1008,0,65468.0,10-08 20:18:00
6,1656,126.58466,43.89467,1008,0,1193505.0,10-08 14:54:00
