,courier_id,gps_lng,gps_lat,ds,depot,order_id,gps_time
0,2709,126.585,43.895,801,1,,
1,2709,126.56701,43.91134,801,0,3185933.0,08-01 17:02:00
2,2709,126.56338,43.89921,801,0,4105467.0,08-01 16:56:00
3,2709,126.56388,43.89814,801,0,3574731.0,08-01 16:51:00
