,courier_id,gps_lng,gps_lat,ds,depot,order_id,gps_time
0,2709,126.585,43.895,921,1,,
1,2709,126.58019,43.89508,921,0,1455978.0,09-21 15:01:00
2,2709,126.56314,43.91612,921,0,4231433.0,09-21 14:56:00
