,courier_id,gps_lng,gps_lat,ds,depot,order_id,gps_time
0,979,126.567,43.812,531,1,,
1,979,126.55506,43.80698,531,0,3242834.0,05-31 13:12:00
2,979,126.55516,43.80719,531,0,2254241.0,05-31 12:54:00
3,979,126.56706,43.81208,531,0,1397487.0,05-31 20:33:00
