,courier_id,gps_lng,gps_lat,ds,depot,order_id,gps_time
0,2709,126.585,43.895,828,1,,
1,2709,126.56209,43.90741,828,0,770009.0,08-28 15:39:00
2,2709,126.56043,43.91501,828,0,410086.0,08-28 15:34:00
3,2709,126.5723,43.89776,828,0,527215.0,08-28 15:19:00
