,courier_id,gps_lng,gps_lat,ds,depot,order_id,gps_time
0,2709,126.585,43.895,629,1,,
1,2709,126.56794,43.9053,629,0,3583445.0,06-29 13:27:00
2,2709,126.56891,43.90356,629,0,42582.0,06-29 13:22:00
