,courier_id,gps_lng,gps_lat,ds,depot,order_id,gps_time
0,2709,126.585,43.895,618,1,,
1,2709,126.5628,43.90822,618,0,4117200.0,06-18 20:09:00
2,2709,126.56948,43.89626,618,0,4265833.0,06-18 20:03:00
3,2709,126.5709,43.89701,618,0,20198.0,06-18 19:58:00
