,courier_id,gps_lng,gps_lat,ds,depot,order_id,gps_time
0,3156,126.585,43.895,802,1,,
1,3156,126.58489,43.89479,802,0,1168630.0,08-02 16:37:00
2,3156,126.55054,43.90629,802,0,1482548.0,08-02 14:59:00
3,3156,126.54639,43.90852,802,0,2652482.0,08-02 15:12:00
4,3156,126.55025,43.91146,802,0,2527769.0,08-02 15:52:00
5,3156,126.55401,43.90067,802,0,1003271.0,08-02 14:37:00
6,3156,126.54158,43.91869,802,0,3487557.0,08-02 15:38:00
7,3156,126.5543,43.91508,802,0,358065.0,08-02 16:21:00
