,courier_id,gps_lng,gps_lat,ds,depot,order_id,gps_time
0,967,126.567,43.812,827,1,,
1,967,126.67276,43.7268,827,0,3774924.0,08-27 17:30:00
2,967,126.67269,43.72685,827,0,2560259.0,08-27 18:35:00
