,courier_id,gps_lng,gps_lat,ds,depot,order_id,gps_time
0,318,126.567,43.812,514,1,,
1,318,126.49464,43.75495,514,0,3060407.0,05-14 20:04:00
2,318,126.55952,43.78889,514,0,1928212.0,05-14 14:03:00
