,courier_id,gps_lng,gps_lat,ds,depot,order_id,gps_time
0,218,126.567,43.812,1015,1,,
1,218,126.60429,43.83593,1015,0,2291093.0,10-15 19:56:00
