,courier_id,gps_lng,gps_lat,ds,depot,order_id,gps_time
0,3853,126.529,43.879,608,1,,
1,3853,126.47464,43.94325,608,0,2691358.0,06-08 17:10:00
2,3853,126.47464,43.94482,608,0,1060571.0,06-08 17:29:00
3,3853,126.45681,43.95146,608,0,1659205.0,06-08 17:51:00
