,courier_id,gps_lng,gps_lat,ds,depot,order_id,gps_time
0,638,126.545,43.85,602,1,,
1,638,126.55073,43.84008,602,0,3119560.0,06-02 10:36:00
2,638,126.55979,43.84098,602,0,995110.0,06-02 12:04:00
3,638,126.55855,43.84413,602,0,3105.0,06-02 12:31:00
4,638,126.56079,43.84109,602,0,1371832.0,06-02 11:53:00
