,courier_id,gps_lng,gps_lat,ds,depot,order_id,gps_time
0,1656,126.585,43.895,1014,1,,
1,1656,126.53316,43.86272,1014,0,1769901.0,10-14 19:14:00
2,1656,126.58475,43.89476,1014,0,4437480.0,10-14 13:22:00
3,1656,126.5847,43.89465,1014,0,3529461.0,10-14 12:46:00
4,1656,126.58478,43.89463,1014,0,3887616.0,10-14 14:43:00
