,courier_id,gps_lng,gps_lat,ds,depot,order_id,gps_time
0,1656,126.585,43.895,613,1,,
1,1656,126.58455,43.89451,613,0,1166325.0,06-13 15:30:00
