,courier_id,gps_lng,gps_lat,ds,depot,order_id,gps_time
0,87,126.544,43.85,1004,1,,
1,87,126.55247,43.84085,1004,0,4360055.0,10-04 10:18:00
2,87,126.5508,43.84063,1004,0,2023761.0,10-04 10:28:00
3,87,126.55472,43.84154,1004,0,1303800.0,10-04 11:24:00
4,87,126.55657,43.84308,1004,0,1371117.0,10-04 11:36:00
5,87,126.56276,43.84493,1004,0,3406286.0,10-04 12:03:00
6,87,126.56205,43.84235,1004,0,4407021.0,10-04 12:28:00
7,87,126.55639,43.84084,1004,0,3312092.0,10-04 11:09:00
8,87,126.54122,43.84587,1004,0,2063831.0,10-04 19:19:00
