,courier_id,gps_lng,gps_lat,ds,depot,order_id,gps_time
0,487,126.567,43.812,705,1,,
1,487,126.52379,43.80464,705,0,3109785.0,07-05 11:18:00
2,487,126.52237,43.80379,705,0,3015462.0,07-05 11:24:00
3,487,126.52968,43.80403,705,0,478658.0,07-05 11:06:00
4,487,126.54046,43.80095,705,0,2808201.0,07-05 10:42:00
5,487,126.57868,43.78462,705,0,2803998.0,07-05 10:09:00
6,487,126.57852,43.78245,705,0,2362653.0,07-05 10:00:00
7,487,126.52478,43.80063,705,0,4360936.0,07-05 20:05:00
