,courier_id,gps_lng,gps_lat,ds,depot,order_id,gps_time
0,3156,126.585,43.8945,527,1,,
1,3156,126.54246,43.91755,527,0,2681020.0,05-27 16:57:00
2,3156,126.54723,43.90818,527,0,2780851.0,05-27 14:44:00
3,3156,126.55445,43.9151,527,0,2556730.0,05-27 18:12:00
