,courier_id,gps_lng,gps_lat,ds,depot,order_id,gps_time
0,2208,126.566,43.871,525,1,,
1,2208,126.5474,43.87321,525,0,2282245.0,05-25 15:59:00
2,2208,126.5775,43.87851,525,0,2508095.0,05-25 19:05:00
3,2208,126.54409,43.86623,525,0,1584490.0,05-25 17:03:00
4,2208,126.53727,43.87162,525,0,871788.0,05-25 17:56:00
