,courier_id,gps_lng,gps_lat,ds,depot,order_id,gps_time
0,1656,126.585,43.895,609,1,,
1,1656,126.56381,43.91919,609,0,3399749.0,06-09 12:27:00
2,1656,126.5508,43.90188,609,0,4025194.0,06-09 09:41:00
3,1656,126.55686,43.91665,609,0,857745.0,06-09 10:10:00
4,1656,126.58466,43.8946,609,0,2487023.0,06-09 16:33:00
