,courier_id,gps_lng,gps_lat,ds,depot,order_id,gps_time
0,2925,126.5445,43.85,711,1,,
1,2925,126.51528,43.8108,711,0,989703.0,07-11 11:05:00
2,2925,126.52084,43.82767,711,0,1370181.0,07-11 11:18:00
3,2925,126.52208,43.82335,711,0,4384557.0,07-11 10:21:00
4,2925,126.51288,43.81269,711,0,466408.0,07-11 10:58:00
5,2925,126.5239,43.83713,711,0,1845744.0,07-11 09:36:00
6,2925,126.5126,43.83266,711,0,458189.0,07-11 09:46:00
7,2925,126.51824,43.82685,711,0,2063727.0,07-11 11:26:00
