,courier_id,gps_lng,gps_lat,ds,depot,order_id,gps_time
0,3030,126.567,43.812,1014,1,,
1,3030,126.56434,43.80355,1014,0,1446993.0,10-14 19:28:00
