,courier_id,gps_lng,gps_lat,ds,depot,order_id,gps_time
0,3458,126.544,43.85,601,1,,
1,3458,126.50418,43.8028,601,0,3904885.0,06-01 10:08:00
2,3458,126.52166,43.82461,601,0,155452.0,06-01 09:08:00
3,3458,126.51185,43.8081,601,0,3874029.0,06-01 09:51:00
4,3458,126.53078,43.82668,601,0,3380989.0,06-01 20:53:00
