,courier_id,gps_lng,gps_lat,ds,depot,order_id,gps_time
0,2709,126.585,43.895,902,1,,
1,2709,126.5708,43.90205,902,0,1928083.0,09-02 14:25:00
2,2709,126.56646,43.91077,902,0,3911079.0,09-02 14:20:00
