,courier_id,gps_lng,gps_lat,ds,depot,order_id,gps_time
0,2925,126.544,43.85,713,1,,
1,2925,126.51658,43.82535,713,0,2332412.0,07-13 09:57:00
2,2925,126.51286,43.81241,713,0,3207798.0,07-13 11:25:00
3,2925,126.51426,43.8159,713,0,594654.0,07-13 11:10:00
4,2925,126.51654,43.8168,713,0,1628095.0,07-13 10:49:00
5,2925,126.51805,43.82802,713,0,4161501.0,07-13 16:29:00
