,courier_id,gps_lng,gps_lat,ds,depot,order_id,gps_time
0,638,126.544,43.85,623,1,,
1,638,126.55416,43.84261,623,0,3827991.0,06-23 12:14:00
