,courier_id,gps_lng,gps_lat,ds,depot,order_id,gps_time
0,75,126.567,43.812,522,1,,
1,75,126.5724,43.82205,522,0,1954355.0,05-22 10:12:00
2,75,126.57067,43.82888,522,0,3663999.0,05-22 18:46:00
