,courier_id,gps_lng,gps_lat,ds,depot,order_id,gps_time
0,967,126.567,43.812,817,1,,
1,967,126.67277,43.72681,817,0,3343101.0,08-17 19:32:00
