,courier_id,gps_lng,gps_lat,ds,depot,order_id,gps_time
0,2709,126.585,43.895,516,1,,
1,2709,126.56991,43.89643,516,0,280313.0,05-16 20:03:00
