,courier_id,gps_lng,gps_lat,ds,depot,order_id,gps_time
0,2709,126.585,43.895,910,1,,
1,2709,126.57578,43.89546,910,0,4404924.0,09-10 16:06:00
2,2709,126.56405,43.89935,910,0,2504270.0,09-10 16:00:00
3,2709,126.58633,43.89429,910,0,1862863.0,09-10 15:55:00
