,courier_id,gps_lng,gps_lat,ds,depot,order_id,gps_time
0,1656,126.585,43.895,930,1,,
1,1656,126.53348,43.86306,930,0,1525876.0,09-30 20:15:00
