,courier_id,gps_lng,gps_lat,ds,depot,order_id,gps_time
0,487,126.567,43.812,709,1,,
1,487,126.52346,43.8045,709,0,1715855.0,07-09 10:35:00
2,487,126.52249,43.79867,709,0,1779014.0,07-09 10:45:00
3,487,126.53484,43.80852,709,0,1132965.0,07-09 10:08:00
4,487,126.57819,43.78269,709,0,1168269.0,07-09 09:21:00
5,487,126.55461,43.79012,709,0,2149446.0,07-09 08:43:00
6,487,126.54218,43.79171,709,0,2432635.0,07-09 08:25:00
7,487,126.52469,43.80056,709,0,2578071.0,07-09 20:09:00
