,courier_id,gps_lng,gps_lat,ds,depot,order_id,gps_time
0,588,126.545,43.85,923,1,,
1,588,126.53597,43.88259,923,0,1134378.0,09-23 15:43:00
