,courier_id,gps_lng,gps_lat,ds,depot,order_id,gps_time
0,2709,126.585,43.895,709,1,,
1,2709,126.57853,43.89574,709,0,145513.0,07-09 15:21:00
2,2709,126.56258,43.90141,709,0,4335456.0,07-09 15:16:00
