,courier_id,gps_time,gps_lng,gps_lat,ds,depot,order_id
0,2925,06-24 10:02:00,126.545,43.85,624,1,
1,2925,06-24 12:08:00,126.511,43.833,624,1,
2,2925,06-24 14:58:00,126.51335,43.81213,624,0,1290590.0
3,2925,06-24 11:02:00,126.52208,43.83824,624,0,1514183.0
4,2925,06-24 13:40:00,126.51473,43.81778,624,0,2872536.0
