,courier_id,gps_lng,gps_lat,ds,depot,order_id,gps_time
0,3156,126.585,43.895,702,1,,
1,3156,126.55676,43.91582,702,0,8983.0,07-02 13:58:00
2,3156,126.55043,43.90417,702,0,2169583.0,07-02 14:23:00
3,3156,126.54731,43.91213,702,0,2038705.0,07-02 12:58:00
