,courier_id,gps_lng,gps_lat,ds,depot,order_id,gps_time
0,1558,126.566,43.871,1020,1,,
1,1558,126.56616,43.87078,1020,0,4350702.0,10-20 14:28:00
