,courier_id,gps_lng,gps_lat,ds,depot,order_id,gps_time
0,3073,126.566,43.871,531,1,,
1,3073,126.55536,43.86773,531,0,2429993.0,05-31 15:31:00
2,3073,126.54924,43.86854,531,0,530805.0,05-31 14:46:00
3,3073,126.54884,43.86819,531,0,236014.0,05-31 14:15:00
4,3073,126.54743,43.86678,531,0,2477349.0,05-31 14:27:00
5,3073,126.55441,43.86713,531,0,3519084.0,05-31 15:41:00
6,3073,126.55476,43.86648,531,0,327550.0,05-31 15:55:00
7,3073,126.54613,43.87062,531,0,2668034.0,05-31 16:40:00
