,courier_id,gps_lng,gps_lat,ds,depot,order_id,gps_time
0,1103,126.567,43.812,520,1,,
1,1103,126.51656,43.82179,520,0,402319.0,05-20 20:04:00
