,courier_id,gps_lng,gps_lat,ds,depot,order_id,gps_time
0,1756,126.567,43.812,531,1,,
1,1756,126.59174,43.82362,531,0,437805.0,05-31 11:26:00
2,1756,126.58467,43.82376,531,0,2629989.0,05-31 13:29:00
3,1756,126.5916,43.82237,531,0,606440.0,05-31 20:58:00
