,courier_id,gps_lng,gps_lat,ds,depot,order_id,gps_time
0,1756,126.567,43.812,601,1,,
1,1756,126.5914,43.82305,601,0,1962009.0,06-01 16:38:00
2,1756,126.5918,43.82417,601,0,2574215.0,06-01 15:58:00
3,1756,126.59163,43.82362,601,0,3232280.0,06-01 16:21:00
4,1756,126.59084,43.82476,601,0,1609053.0,06-01 17:57:00
5,1756,126.58898,43.82232,601,0,3503824.0,06-01 19:31:00
