,courier_id,gps_lng,gps_lat,ds,depot,order_id,gps_time
0,1656,126.585,43.895,1028,1,,
1,1656,126.58483,43.89468,1028,0,275645.0,10-28 20:51:00
