,courier_id,gps_lng,gps_lat,ds,depot,order_id,gps_time
0,2709,126.585,43.895,923,1,,
1,2709,126.56784,43.89962,923,0,2697953.0,09-23 14:28:00
2,2709,126.55908,43.90147,923,0,4148590.0,09-23 14:23:00
