,courier_id,gps_lng,gps_lat,ds,depot,order_id,gps_time
0,2709,126.585,43.895,930,1,,
1,2709,126.5657,43.91232,930,0,115262.0,09-30 15:22:00
2,2709,126.56936,43.89635,930,0,3488311.0,09-30 15:08:00
3,2709,126.56459,43.91093,930,0,1149220.0,09-30 15:15:00
