,courier_id,gps_lng,gps_lat,ds,depot,order_id,gps_time
0,87,126.544,43.85,1003,1,,
1,87,126.55217,43.83878,1003,0,3701771.0,10-03 10:25:00
2,87,126.55496,43.84236,1003,0,4176828.0,10-03 10:45:00
3,87,126.54115,43.84584,1003,0,4367934.0,10-03 17:28:00
4,87,126.54823,43.84096,1003,0,4450399.0,10-03 09:37:00
