,courier_id,gps_lng,gps_lat,ds,depot,order_id,gps_time
0,4322,126.566,43.871,531,1,,
1,4322,126.56402,43.88278,531,0,640534.0,05-31 17:38:00
2,4322,126.56462,43.88267,531,0,2457696.0,05-31 17:45:00
3,4322,126.56405,43.88315,531,0,1293530.0,05-31 18:00:00
4,4322,126.56591,43.87052,531,0,2093970.0,05-31 20:14:00
5,4322,126.5648,43.88383,531,0,613566.0,05-31 17:51:00
