,courier_id,gps_lng,gps_lat,ds,depot,order_id,gps_time
0,1756,126.565,43.812,618,1,,
1,1756,126.58903,43.82519,618,0,3914043.0,06-18 19:24:00
2,1756,126.59028,43.82335,618,0,2865257.0,06-18 14:13:00
3,1756,126.58571,43.82402,618,0,408416.0,06-18 19:04:00
4,1756,126.59145,43.81868,618,0,3567393.0,06-18 20:26:00
