,courier_id,gps_lng,gps_lat,ds,depot,order_id,gps_time
0,435,126.566,43.871,526,1,,
1,435,126.56389,43.86235,526,0,966019.0,05-26 10:13:00
2,435,126.54879,43.86097,526,0,2997425.0,05-26 11:12:00
3,435,126.55395,43.87016,526,0,3933252.0,05-26 15:25:00
