,courier_id,gps_lng,gps_lat,ds,depot,order_id,gps_time
0,487,126.567,43.812,721,1,,
1,487,126.52649,43.79963,721,0,2261121.0,07-21 13:03:00
2,487,126.53065,43.80429,721,0,1342659.0,07-21 12:51:00
3,487,126.5923,43.77761,721,0,1311312.0,07-21 11:57:00
4,487,126.58347,43.78221,721,0,2256262.0,07-21 11:33:00
5,487,126.58027,43.78309,721,0,1972126.0,07-21 11:01:00
6,487,126.56962,43.76883,721,0,203826.0,07-21 10:38:00
7,487,126.56683,43.76849,721,0,2179698.0,07-21 10:29:00
8,487,126.52479,43.80058,721,0,827903.0,07-21 20:03:00
