,courier_id,gps_lng,gps_lat,ds,depot,order_id,gps_time
0,1656,126.585,43.895,524,1,,
1,1656,126.59687,43.90586,524,0,2394996.0,05-24 10:54:00
2,1656,126.55134,43.90588,524,0,613498.0,05-24 09:44:00
3,1656,126.58853,43.90902,524,0,689257.0,05-24 10:47:00
4,1656,126.57555,43.90514,524,0,2651621.0,05-24 11:02:00
5,1656,126.58461,43.89464,524,0,553157.0,05-24 11:24:00
