,courier_id,gps_lng,gps_lat,ds,depot,order_id,gps_time
0,2709,126.584,43.8945,530,1,,
1,2709,126.56971,43.9025,530,0,2671187.0,05-30 18:23:00
2,2709,126.58744,43.89479,530,0,644849.0,05-30 16:29:00
3,2709,126.56893,43.89896,530,0,3495311.0,05-30 18:18:00
