,courier_id,gps_lng,gps_lat,ds,depot,order_id,gps_time
0,487,126.567,43.812,528,1,,
1,487,126.56917,43.77209,528,0,452794.0,05-28 12:31:00
2,487,126.56429,43.78564,528,0,2853650.0,05-28 12:40:00
3,487,126.52234,43.79914,528,0,3573470.0,05-28 19:51:00
4,487,126.53391,43.80463,528,0,1011069.0,05-28 17:15:00
5,487,126.53572,43.80844,528,0,571548.0,05-28 16:44:00
6,487,126.57434,43.82396,528,0,1666476.0,05-28 20:48:00
