,courier_id,gps_lng,gps_lat,ds,depot,order_id,gps_time
0,3853,126.529,43.879,607,1,,
1,3853,126.47353,43.94477,607,0,1064871.0,06-07 13:14:00
2,3853,126.4747,43.94266,607,0,603133.0,06-07 12:51:00
3,3853,126.47362,43.94461,607,0,2358911.0,06-07 13:19:00
4,3853,126.47591,43.94494,607,0,3343327.0,06-07 13:29:00
5,3853,126.4758,43.94424,607,0,1929058.0,06-07 13:44:00
6,3853,126.47658,43.94589,607,0,356345.0,06-07 14:29:00
7,3853,126.45681,43.95158,607,0,216288.0,06-07 14:14:00
8,3853,126.45675,43.95168,607,0,120141.0,06-07 14:20:00
