,courier_id,gps_lng,gps_lat,ds,depot,order_id,gps_time
0,487,126.567,43.812,531,1,,
1,487,126.52222,43.80387,531,0,1364654.0,05-31 14:33:00
2,487,126.53665,43.807,531,0,3082608.0,05-31 13:08:00
3,487,126.52437,43.80059,531,0,3692438.0,05-31 21:36:00
