,courier_id,gps_lng,gps_lat,ds,depot,order_id,gps_time
0,218,126.602,43.834,1005,1,,
1,218,126.60175,43.83409,1005,0,870661.0,10-05 18:25:00
