,courier_id,gps_lng,gps_lat,ds,depot,order_id,gps_time
0,3156,126.585,43.895,730,1,,
1,3156,126.54998,43.9073,730,0,3128091.0,07-30 14:47:00
2,3156,126.55002,43.91154,730,0,420872.0,07-30 16:01:00
3,3156,126.55347,43.91231,730,0,3904875.0,07-30 16:18:00
4,3156,126.5528,43.90069,730,0,3153986.0,07-30 14:16:00
5,3156,126.5518,43.9099,730,0,2609836.0,07-30 15:27:00
6,3156,126.55582,43.91198,730,0,45460.0,07-30 16:30:00
7,3156,126.55022,43.9041,730,0,3831006.0,07-30 16:37:00
