,courier_id,gps_lng,gps_lat,ds,depot,order_id,gps_time
0,487,126.565,43.812,606,1,,
1,487,126.52412,43.82457,606,0,3482133.0,06-06 20:13:00
