,courier_id,gps_lng,gps_lat,ds,depot,order_id,gps_time
0,2208,126.566,43.871,606,1,,
1,2208,126.54013,43.87434,606,0,1930310.0,06-06 13:45:00
2,2208,126.53952,43.87601,606,0,3845303.0,06-06 13:57:00
3,2208,126.54272,43.87505,606,0,3827152.0,06-06 12:48:00
4,2208,126.53763,43.87672,606,0,373688.0,06-06 14:04:00
5,2208,126.53865,43.86723,606,0,4465881.0,06-06 14:22:00
6,2208,126.54495,43.87564,606,0,3021304.0,06-06 13:12:00
7,2208,126.54004,43.87718,606,0,2147229.0,06-06 13:20:00
8,2208,126.53751,43.87434,606,0,2295939.0,06-06 13:39:00
