,courier_id,gps_lng,gps_lat,ds,depot,order_id,gps_time
0,1656,126.585,43.895,713,1,,
1,1656,126.56485,43.92443,713,0,3302560.0,07-13 10:34:00
2,1656,126.57107,43.94787,713,0,2689181.0,07-13 10:55:00
3,1656,126.53336,43.86303,713,0,3969583.0,07-13 20:47:00
4,1656,126.57536,43.91725,713,0,1131640.0,07-13 10:20:00
5,1656,126.57264,43.92329,713,0,1522657.0,07-13 10:25:00
6,1656,126.56228,43.92839,713,0,778837.0,07-13 10:45:00
