,courier_id,gps_lng,gps_lat,ds,depot,order_id,gps_time
0,3073,126.566,43.871,619,1,,
1,3073,126.54723,43.86976,619,0,1222103.0,06-19 10:19:00
2,3073,126.54855,43.86943,619,0,3113567.0,06-19 10:39:00
3,3073,126.54774,43.8675,619,0,2083591.0,06-19 11:05:00
4,3073,126.54845,43.86753,619,0,793071.0,06-19 11:20:00
5,3073,126.55505,43.86786,619,0,3864882.0,06-19 11:55:00
6,3073,126.55148,43.86804,619,0,3423317.0,06-19 12:27:00
