,courier_id,gps_lng,gps_lat,ds,depot,order_id,gps_time
0,1177,126.565,43.812,606,1,,
1,1177,126.57438,43.81185,606,0,144844.0,06-06 10:24:00
2,1177,126.58805,43.79117,606,0,2430289.0,06-06 16:55:00
