,courier_id,gps_lng,gps_lat,ds,depot,order_id,gps_time
0,2709,126.585,43.895,705,1,,
1,2709,126.56623,43.89948,705,0,640227.0,07-05 16:03:00
2,2709,126.56693,43.90758,705,0,4154712.0,07-05 15:58:00
