,courier_id,gps_lng,gps_lat,ds,depot,order_id,gps_time
0,2659,126.566,43.871,618,1,,
1,2659,126.53172,43.88243,618,0,3621589.0,06-18 09:20:00
