,courier_id,gps_lng,gps_lat,ds,depot,order_id,gps_time
0,435,126.566,43.871,519,1,,
1,435,126.55508,43.86152,519,0,2652405.0,05-19 12:23:00
2,435,126.56306,43.8713,519,0,1906517.0,05-19 10:46:00
3,435,126.55716,43.86077,519,0,974785.0,05-19 13:54:00
4,435,126.55999,43.87019,519,0,129344.0,05-19 14:25:00
5,435,126.54977,43.86153,519,0,2872359.0,05-19 12:45:00
