,courier_id,gps_lng,gps_lat,ds,depot,order_id,gps_time
0,3156,126.585,43.895,520,1,,
1,3156,126.54963,43.90696,520,0,943246.0,05-20 12:47:00
2,3156,126.54802,43.90791,520,0,1738065.0,05-20 13:04:00
3,3156,126.5537,43.90022,520,0,3602456.0,05-20 11:59:00
4,3156,126.54798,43.91393,520,0,3875908.0,05-20 14:10:00
5,3156,126.55461,43.91474,520,0,4060451.0,05-20 15:28:00
