,courier_id,gps_lng,gps_lat,ds,depot,order_id,gps_time
0,1656,126.585,43.895,725,1,,
1,1656,126.57239,43.9184,725,0,3882732.0,07-25 10:47:00
2,1656,126.55283,43.9053,725,0,2353773.0,07-25 12:31:00
3,1656,126.56889,43.92036,725,0,2292908.0,07-25 11:01:00
4,1656,126.57299,43.93047,725,0,1346975.0,07-25 11:35:00
5,1656,126.55977,43.92227,725,0,1863555.0,07-25 11:10:00
6,1656,126.55762,43.9107,725,0,1474443.0,07-25 12:37:00
7,1656,126.56043,43.90615,725,0,1248148.0,07-25 12:44:00
8,1656,126.53359,43.86294,725,0,2900001.0,07-25 20:55:00
