,courier_id,gps_time,gps_lng,gps_lat,ds,depot,order_id
0,75,06-24 08:40:00,126.565,43.812,624,1,
1,75,06-24 14:04:00,126.546,43.825,624,1,
2,75,06-24 12:09:00,126.57208,43.8278,624,0,1893769.0
3,75,06-24 18:27:00,126.59411,43.84161,624,0,4317463.0
4,75,06-24 16:02:00,126.56908,43.81839,624,0,3920357.0
5,75,06-24 15:12:00,126.56566,43.81515,624,0,1632155.0
