,courier_id,gps_lng,gps_lat,ds,depot,order_id,gps_time
0,1103,126.567,43.812,603,1,,
1,1103,126.6021,43.829,603,0,1565951.0,06-03 11:00:00
2,1103,126.605,43.82835,603,0,3527577.0,06-03 11:07:00
3,1103,126.58739,43.82859,603,0,673554.0,06-03 10:19:00
4,1103,126.58558,43.83405,603,0,3508013.0,06-03 11:24:00
5,1103,126.51656,43.8218,603,0,1436908.0,06-03 19:24:00
6,1103,126.56985,43.80799,603,0,757341.0,06-03 13:19:00
7,1103,126.57233,43.8083,603,0,1076752.0,06-03 13:07:00
8,1103,126.5722,43.8127,603,0,1856005.0,06-03 13:50:00
9,1103,126.57033,43.80747,603,0,2371896.0,06-03 12:36:00
10,1103,126.5693,43.80721,603,0,1332136.0,06-03 12:43:00
11,1103,126.57758,43.8267,603,0,2583675.0,06-03 15:40:00
12,1103,126.51651,43.82187,603,0,2165897.0,06-03 19:18:00
