,courier_id,gps_lng,gps_lat,ds,depot,order_id,gps_time
0,2208,126.566,43.871,531,1,,
1,2208,126.5382,43.8721,531,0,1632264.0,05-31 15:51:00
2,2208,126.54213,43.86318,531,0,3691425.0,05-31 18:14:00
3,2208,126.54082,43.86777,531,0,2020688.0,05-31 14:37:00
4,2208,126.53883,43.87216,531,0,3555092.0,05-31 17:51:00
5,2208,126.54113,43.8644,531,0,501038.0,05-31 18:32:00
