,courier_id,gps_lng,gps_lat,ds,depot,order_id,gps_time
0,2709,126.585,43.895,726,1,,
1,2709,126.55886,43.91406,726,0,73104.0,07-26 16:22:00
2,2709,126.55799,43.90822,726,0,154605.0,07-26 16:17:00
3,2709,126.5581,43.90809,726,0,1697903.0,07-26 15:58:00
4,2709,126.56775,43.89916,726,0,2360756.0,07-26 16:08:00
5,2709,126.56145,43.91584,726,0,2840755.0,07-26 15:52:00
