,courier_id,gps_lng,gps_lat,ds,depot,order_id,gps_time
0,1656,126.585,43.895,518,1,,
1,1656,126.55493,43.91198,518,0,2776733.0,05-18 15:12:00
2,1656,126.55311,43.91073,518,0,2447244.0,05-18 13:28:00
3,1656,126.55479,43.91023,518,0,601215.0,05-18 13:46:00
4,1656,126.56001,43.92172,518,0,1131532.0,05-18 14:34:00
5,1656,126.55124,43.9101,518,0,848410.0,05-18 13:18:00
6,1656,126.5484,43.9158,518,0,4407145.0,05-18 14:20:00
7,1656,126.58467,43.89451,518,0,2156547.0,05-18 16:48:00
8,1656,126.55058,43.90428,518,0,1102530.0,05-18 12:30:00
