,courier_id,gps_lng,gps_lat,ds,depot,order_id,gps_time
0,2709,126.585,43.895,821,1,,
1,2709,126.57368,43.89667,821,0,1979677.0,08-21 18:02:00
