,courier_id,gps_lng,gps_lat,ds,depot,order_id,gps_time
0,218,126.567,43.812,1002,1,,
1,218,126.60171,43.83412,1002,0,3654242.0,10-02 14:47:00
