,courier_id,gps_lng,gps_lat,ds,depot,order_id,gps_time
0,3156,126.585,43.895,615,1,,
1,3156,126.54648,43.90761,615,0,2977454.0,06-15 15:04:00
