,courier_id,gps_lng,gps_lat,ds,depot,order_id,gps_time
0,2688,126.5445,43.85,626,1,,
1,2688,126.53158,43.82527,626,0,3324822.0,06-26 11:51:00
2,2688,126.53309,43.82466,626,0,725392.0,06-26 12:05:00
3,2688,126.53183,43.82185,626,0,3715397.0,06-26 14:03:00
4,2688,126.52828,43.81995,626,0,3811604.0,06-26 14:18:00
5,2688,126.52876,43.81916,626,0,3507197.0,06-26 14:29:00
6,2688,126.54433,43.85005,626,0,1959560.0,06-26 20:53:00
