,courier_id,gps_lng,gps_lat,ds,depot,order_id,gps_time
0,967,126.567,43.812,820,1,,
1,967,126.57297,43.88184,820,0,2752596.0,08-20 19:12:00
