,courier_id,gps_lng,gps_lat,ds,depot,order_id,gps_time
0,87,126.544,43.85,1016,1,,
1,87,126.55172,43.84427,1016,0,2802325.0,10-16 10:21:00
2,87,126.5594,43.84224,1016,0,3343100.0,10-16 11:05:00
3,87,126.56147,43.84067,1016,0,2036027.0,10-16 11:23:00
4,87,126.55496,43.84043,1016,0,3756047.0,10-16 11:39:00
5,87,126.54127,43.84586,1016,0,384081.0,10-16 18:41:00
