,courier_id,gps_lng,gps_lat,ds,depot,order_id,gps_time
0,2709,126.585,43.895,824,1,,
1,2709,126.5667,43.90508,824,0,4205300.0,08-24 15:59:00
2,2709,126.55889,43.90923,824,0,3741965.0,08-24 15:53:00
