,courier_id,gps_lng,gps_lat,ds,depot,order_id,gps_time
0,1558,126.566,43.871,627,1,,
1,1558,126.56638,43.87079,627,0,1723051.0,06-27 16:09:00
