,courier_id,gps_lng,gps_lat,ds,depot,order_id,gps_time
0,2709,126.585,43.895,912,1,,
1,2709,126.55985,43.89846,912,0,3518601.0,09-12 15:33:00
2,2709,126.59008,43.89319,912,0,828155.0,09-12 15:28:00
