,courier_id,gps_lng,gps_lat,ds,depot,order_id,gps_time
0,2709,126.585,43.895,723,1,,
1,2709,126.56344,43.91663,723,0,3989997.0,07-23 15:51:00
2,2709,126.57152,43.91216,723,0,2910708.0,07-23 15:46:00
