,courier_id,gps_lng,gps_lat,ds,depot,order_id,gps_time
0,487,126.567,43.812,731,1,,
1,487,126.56529,43.77393,731,0,1218488.0,07-31 09:34:00
2,487,126.52773,43.79973,731,0,801750.0,07-31 11:43:00
3,487,126.52766,43.79969,731,0,2806914.0,07-31 11:49:00
4,487,126.57798,43.78496,731,0,1773748.0,07-31 09:57:00
5,487,126.57691,43.78008,731,0,491838.0,07-31 10:11:00
6,487,126.58727,43.78133,731,0,2475340.0,07-31 10:26:00
7,487,126.53652,43.80679,731,0,2131743.0,07-31 11:02:00
8,487,126.55343,43.81875,731,0,3892321.0,07-31 21:21:00
