,courier_id,gps_lng,gps_lat,ds,depot,order_id,gps_time
0,3156,126.585,43.895,719,1,,
1,3156,126.54879,43.91494,719,0,2248310.0,07-19 14:37:00
