,courier_id,gps_time,gps_lng,gps_lat,ds,depot,order_id
0,4849,06-25 13:07:00,126.566,43.871,625,1,
1,4849,06-25 14:25:00,126.572,43.842,625,1,
2,4849,06-25 17:00:00,126.58302,43.84237,625,0,1020622.0
3,4849,06-25 15:16:00,126.56856,43.83884,625,0,2619547.0
4,4849,06-25 16:36:00,126.58379,43.84399,625,0,923659.0
5,4849,06-25 14:29:00,126.57218,43.84239,625,0,4099810.0
