,courier_id,gps_lng,gps_lat,ds,depot,order_id,gps_time
0,1103,126.567,43.812,522,1,,
1,1103,126.57077,43.80784,522,0,3230945.0,05-22 15:09:00
