,courier_id,gps_lng,gps_lat,ds,depot,order_id,gps_time
0,2709,126.585,43.895,901,1,,
1,2709,126.59172,43.89234,901,0,1680842.0,09-01 16:28:00
