,courier_id,gps_lng,gps_lat,ds,depot,order_id,gps_time
0,487,126.567,43.812,903,1,,
1,487,126.56735,43.77818,903,0,3091100.0,09-03 09:09:00
2,487,126.53603,43.8044,903,0,1827692.0,09-03 10:34:00
3,487,126.52563,43.7994,903,0,1064297.0,09-03 10:59:00
4,487,126.54285,43.79154,903,0,669647.0,09-03 08:40:00
5,487,126.58011,43.78381,903,0,721128.0,09-03 09:24:00
6,487,126.55541,43.78983,903,0,2370629.0,09-03 18:27:00
