,courier_id,gps_lng,gps_lat,ds,depot,order_id,gps_time
0,1656,126.585,43.895,915,1,,
1,1656,126.57461,43.93003,915,0,4347085.0,09-15 11:44:00
2,1656,126.56176,43.92118,915,0,150291.0,09-15 12:12:00
3,1656,126.56424,43.92187,915,0,1080302.0,09-15 10:47:00
4,1656,126.57417,43.92267,915,0,3797141.0,09-15 11:02:00
5,1656,126.56889,43.93017,915,0,3323077.0,09-15 11:57:00
6,1656,126.5145,43.93524,915,0,1625062.0,09-15 12:31:00
7,1656,126.53346,43.86301,915,0,1876710.0,09-15 20:24:00
8,1656,126.57314,43.91834,915,0,1986804.0,09-15 11:27:00
