,courier_id,gps_lng,gps_lat,ds,depot,order_id,gps_time
0,979,126.567,43.812,527,1,,
1,979,126.5564,43.80533,527,0,2111637.0,05-27 20:26:00
2,979,126.54904,43.81871,527,0,1365008.0,05-27 17:45:00
