,courier_id,gps_lng,gps_lat,ds,depot,order_id,gps_time
0,3156,126.585,43.895,723,1,,
1,3156,126.54703,43.91565,723,0,2131700.0,07-23 14:52:00
2,3156,126.55145,43.90742,723,0,2306521.0,07-23 15:26:00
3,3156,126.55416,43.91213,723,0,3342560.0,07-23 15:55:00
4,3156,126.54852,43.90723,723,0,1034501.0,07-23 14:13:00
5,3156,126.55012,43.91215,723,0,2446413.0,07-23 15:42:00
6,3156,126.54612,43.91128,723,0,2408641.0,07-23 15:07:00
7,3156,126.55094,43.90527,723,0,2415800.0,07-23 16:13:00
