,courier_id,gps_time,gps_lng,gps_lat,ds,depot,order_id
0,1656,06-03 11:32:00,126.557,43.917,603,1,
1,1656,06-03 13:08:00,126.585,43.895,603,1,
2,1656,06-03 11:38:00,126.55956,43.92123,603,0,2563104.0
3,1656,06-03 13:18:00,126.59031,43.89362,603,0,1163483.0
4,1656,06-03 20:32:00,126.53347,43.86294,603,0,534085.0
