,courier_id,gps_lng,gps_lat,ds,depot,order_id,gps_time
0,3458,126.545,43.85,623,1,,
1,3458,126.50453,43.81455,623,0,3766960.0,06-23 14:42:00
