,courier_id,gps_lng,gps_lat,ds,depot,order_id,gps_time
0,979,126.567,43.812,526,1,,
1,979,126.55653,43.80452,526,0,2463267.0,05-26 20:21:00
