,courier_id,gps_lng,gps_lat,ds,depot,order_id,gps_time
0,2709,126.585,43.895,815,1,,
1,2709,126.56212,43.90695,815,0,442887.0,08-15 17:40:00
2,2709,126.55511,43.90552,815,0,1002793.0,08-15 17:35:00
3,2709,126.55517,43.90556,815,0,1274207.0,08-15 17:30:00
