,courier_id,gps_lng,gps_lat,ds,depot,order_id,gps_time
0,2289,126.567,43.812,528,1,,
1,2289,126.57868,43.79247,528,0,404107.0,05-28 12:02:00
2,2289,126.57716,43.79216,528,0,3206992.0,05-28 13:23:00
3,2289,126.5753,43.79278,528,0,4203410.0,05-28 14:51:00
4,2289,126.57512,43.79325,528,0,724421.0,05-28 15:00:00
