,courier_id,gps_lng,gps_lat,ds,depot,order_id,gps_time
0,2452,126.5655,43.812,619,1,,
1,2452,126.59346,43.7781,619,0,2324611.0,06-19 15:31:00
2,2452,126.55251,43.79153,619,0,4314259.0,06-19 17:35:00
3,2452,126.55153,43.78783,619,0,148913.0,06-19 17:24:00
4,2452,126.58895,43.86426,619,0,3272441.0,06-19 19:08:00
