,courier_id,gps_lng,gps_lat,ds,depot,order_id,gps_time
0,1656,126.585,43.895,724,1,,
1,1656,126.5742,43.92348,724,0,1535008.0,07-24 10:27:00
2,1656,126.56214,43.92838,724,0,1431472.0,07-24 10:58:00
3,1656,126.57247,43.92277,724,0,3458606.0,07-24 10:22:00
4,1656,126.58467,43.89469,724,0,1345107.0,07-24 12:58:00
5,1656,126.56914,43.92994,724,0,310334.0,07-24 10:47:00
6,1656,126.57044,43.91822,724,0,3472583.0,07-24 10:04:00
7,1656,126.53343,43.86296,724,0,1232692.0,07-24 20:42:00
