,courier_id,gps_lng,gps_lat,ds,depot,order_id,gps_time
0,1558,126.566,43.871,912,1,,
1,1558,126.54002,43.87052,912,0,3777695.0,09-12 11:25:00
2,1558,126.53814,43.87235,912,0,3706352.0,09-12 11:50:00
3,1558,126.5662,43.87088,912,0,754181.0,09-12 16:49:00
4,1558,126.56608,43.87067,912,0,2906921.0,09-12 13:03:00
5,1558,126.53955,43.86802,912,0,3037814.0,09-12 10:47:00
6,1558,126.53797,43.87186,912,0,2369460.0,09-12 11:41:00
