,courier_id,gps_lng,gps_lat,ds,depot,order_id,gps_time
0,2709,126.585,43.895,706,1,,
1,2709,126.57102,43.89907,706,0,3731056.0,07-06 15:16:00
2,2709,126.56203,43.91072,706,0,41758.0,07-06 15:11:00
