,courier_id,gps_lng,gps_lat,ds,depot,order_id,gps_time
0,588,126.544,43.85,618,1,,
1,588,126.54438,43.85032,618,0,1223377.0,06-18 17:49:00
