,courier_id,gps_lng,gps_lat,ds,depot,order_id,gps_time
0,152,126.566,43.871,606,1,,
1,152,126.56433,43.88171,606,0,1637925.0,06-06 13:26:00
2,152,126.55828,43.88679,606,0,1795985.0,06-06 14:02:00
3,152,126.56757,43.88403,606,0,4151899.0,06-06 14:50:00
4,152,126.56746,43.88506,606,0,224335.0,06-06 15:10:00
5,152,126.56697,43.88467,606,0,3880669.0,06-06 14:57:00
6,152,126.56882,43.88609,606,0,249021.0,06-06 15:27:00
7,152,126.57028,43.8879,606,0,2720351.0,06-06 16:17:00
