,courier_id,gps_lng,gps_lat,ds,depot,order_id,gps_time
0,2709,126.585,43.895,718,1,,
1,2709,126.56858,43.90258,718,0,1371467.0,07-18 16:09:00
