,courier_id,gps_lng,gps_lat,ds,depot,order_id,gps_time
0,2709,126.585,43.895,913,1,,
1,2709,126.56276,43.91642,913,0,900638.0,09-13 17:30:00
2,2709,126.562,43.91091,913,0,306615.0,09-13 17:25:00
