,courier_id,gps_lng,gps_lat,ds,depot,order_id,gps_time
0,1103,126.567,43.812,713,1,,
1,1103,126.59338,43.83068,713,0,4112737.0,07-13 12:22:00
2,1103,126.5664,43.83181,713,0,4459010.0,07-13 11:34:00
3,1103,126.56091,43.80812,713,0,916669.0,07-13 14:49:00
4,1103,126.57669,43.82731,713,0,3678248.0,07-13 10:40:00
5,1103,126.57034,43.80618,713,0,1709851.0,07-13 13:50:00
6,1103,126.57247,43.81221,713,0,4171421.0,07-13 14:24:00
7,1103,126.51653,43.82192,713,0,2979420.0,07-13 17:31:00
8,1103,126.57146,43.81114,713,0,652646.0,07-13 14:18:00
