,courier_id,gps_lng,gps_lat,ds,depot,order_id,gps_time
0,1656,126.585,43.895,926,1,,
1,1656,126.53354,43.86306,926,0,397392.0,09-26 20:43:00
