,courier_id,gps_lng,gps_lat,ds,depot,order_id,gps_time
0,1756,126.565,43.812,607,1,,
1,1756,126.58907,43.82508,607,0,1880430.0,06-07 14:26:00
2,1756,126.58604,43.82445,607,0,4298169.0,06-07 13:56:00
3,1756,126.59187,43.82435,607,0,1147492.0,06-07 10:53:00
4,1756,126.59176,43.82432,607,0,2130206.0,06-07 11:22:00
5,1756,126.59065,43.82273,607,0,2146674.0,06-07 20:43:00
