,courier_id,gps_lng,gps_lat,ds,depot,order_id,gps_time
0,4474,126.565,43.812,623,1,,
1,4474,126.54577,43.81184,623,0,2201555.0,06-23 19:52:00
