,courier_id,gps_lng,gps_lat,ds,depot,order_id,gps_time
0,435,126.566,43.871,605,1,,
1,435,126.55718,43.85909,605,0,150158.0,06-05 15:08:00
2,435,126.55545,43.86044,605,0,4216579.0,06-05 15:33:00
