,courier_id,gps_lng,gps_lat,ds,depot,order_id,gps_time
0,2709,126.585,43.895,812,1,,
1,2709,126.56317,43.91183,812,0,1562595.0,08-12 16:31:00
2,2709,126.56116,43.89909,812,0,1219729.0,08-12 16:26:00
3,2709,126.56215,43.89945,812,0,740542.0,08-12 16:21:00
