,courier_id,gps_lng,gps_lat,ds,depot,order_id,gps_time
0,588,126.549,43.854,729,1,,
1,588,126.53639,43.88261,729,0,437344.0,07-29 16:03:00
