,courier_id,gps_lng,gps_lat,ds,depot,order_id,gps_time
0,2208,126.566,43.871,526,1,,
1,2208,126.53745,43.87402,526,0,122626.0,05-26 12:30:00
2,2208,126.5391,43.87051,526,0,124439.0,05-26 15:33:00
3,2208,126.52053,43.85026,526,0,3357879.0,05-26 17:24:00
4,2208,126.54067,43.86745,526,0,250621.0,05-26 16:24:00
