,courier_id,gps_lng,gps_lat,ds,depot,order_id,gps_time
0,949,126.566,43.871,515,1,,
1,949,126.56598,43.87057,515,0,3281653.0,05-15 17:37:00
