,courier_id,gps_lng,gps_lat,ds,depot,order_id,gps_time
0,949,126.566,43.871,513,1,,
1,949,126.58822,43.86235,513,0,1519322.0,05-13 14:40:00
