,courier_id,gps_lng,gps_lat,ds,depot,order_id,gps_time
0,1656,126.585,43.895,523,1,,
1,1656,126.55899,43.92039,523,0,2725517.0,05-23 14:27:00
