,courier_id,gps_lng,gps_lat,ds,depot,order_id,gps_time
0,2452,126.567,43.812,531,1,,
1,2452,126.58432,43.78113,531,0,2093481.0,05-31 16:22:00
2,2452,126.58739,43.86395,531,0,28804.0,05-31 21:44:00
