,courier_id,gps_lng,gps_lat,ds,depot,order_id,gps_time
0,588,126.536,43.883,731,1,,
1,588,126.53803,43.83568,731,0,2934280.0,07-31 20:18:00
