,courier_id,gps_lng,gps_lat,ds,depot,order_id,gps_time
0,3156,126.585,43.895,601,1,,
1,3156,126.55041,43.90654,601,0,633672.0,06-01 12:26:00
