,courier_id,gps_lng,gps_lat,ds,depot,order_id,gps_time
0,3458,126.544,43.85,519,1,,
1,3458,126.56182,43.84816,519,0,3795310.0,05-19 15:53:00
