,courier_id,gps_lng,gps_lat,ds,depot,order_id,gps_time
0,87,126.544,43.85,1017,1,,
1,87,126.54655,43.83805,1017,0,2304767.0,10-17 13:35:00
2,87,126.54786,43.84014,1017,0,2969225.0,10-17 09:37:00
3,87,126.55529,43.84204,1017,0,116106.0,10-17 09:51:00
4,87,126.56318,43.84432,1017,0,3216979.0,10-17 11:36:00
5,87,126.55398,43.83921,1017,0,4208310.0,10-17 12:32:00
6,87,126.5551,43.84329,1017,0,3724607.0,10-17 12:57:00
7,87,126.54124,43.84597,1017,0,744030.0,10-17 18:06:00
