,courier_id,gps_lng,gps_lat,ds,depot,order_id,gps_time
0,4114,126.566,43.871,617,1,,
1,4114,126.53854,43.86862,617,0,1350250.0,06-17 13:38:00
2,4114,126.54266,43.86938,617,0,1178116.0,06-17 12:41:00
3,4114,126.54393,43.86186,617,0,3016888.0,06-17 14:22:00
4,4114,126.53694,43.87121,617,0,3369941.0,06-17 13:16:00
5,4114,126.54328,43.86308,617,0,3632116.0,06-17 14:10:00
