,courier_id,gps_lng,gps_lat,ds,depot,order_id,gps_time
0,3442,126.5445,43.85,703,1,,
1,3442,126.5539,43.85264,703,0,4442989.0,07-03 11:01:00
2,3442,126.55691,43.85296,703,0,196308.0,07-03 11:28:00
3,3442,126.55222,43.85352,703,0,412877.0,07-03 11:12:00
4,3442,126.557,43.85126,703,0,2824642.0,07-03 11:42:00
5,3442,126.55964,43.85195,703,0,3534236.0,07-03 11:54:00
6,3442,126.54887,43.85044,703,0,1092093.0,07-03 10:43:00
7,3442,126.54892,43.84874,703,0,420775.0,07-05 21:23:00
8,3442,126.54606,43.85173,703,0,1143556.0,07-03 10:24:00
