,courier_id,gps_time,gps_lng,gps_lat,ds,depot,order_id
0,979,06-07 09:37:00,126.565,43.812,607,1,
1,979,06-07 15:08:00,126.552,43.812,607,1,
2,979,06-07 13:05:00,126.55096,43.80548,607,0,563232.0
3,979,06-07 10:33:00,126.55841,43.80868,607,0,3697308.0
4,979,06-07 17:22:00,126.55319,43.81737,607,0,2469234.0
5,979,06-07 20:22:00,126.55645,43.80454,607,0,337493.0
