,courier_id,gps_lng,gps_lat,ds,depot,order_id,gps_time
0,487,126.567,43.812,601,1,,
1,487,126.52829,43.80641,601,0,3934028.0,06-01 12:43:00
2,487,126.5234,43.80359,601,0,896523.0,06-01 10:41:00
3,487,126.52682,43.80178,601,0,3948159.0,06-01 10:35:00
4,487,126.53149,43.80633,601,0,145368.0,06-01 18:55:00
5,487,126.52358,43.79928,601,0,1021875.0,06-01 20:42:00
