,courier_id,gps_lng,gps_lat,ds,depot,order_id,gps_time
0,2709,126.585,43.895,905,1,,
1,2709,126.56384,43.90214,905,0,1293591.0,09-05 17:29:00
2,2709,126.56176,43.90657,905,0,3884547.0,09-05 17:24:00
