,courier_id,gps_lng,gps_lat,ds,depot,order_id,gps_time
0,1656,126.58449999999999,43.895,1011,1,,
1,1656,126.58471,43.89453,1011,0,2488807.0,10-11 17:11:00
2,1656,126.53352,43.86309,1011,0,144939.0,10-11 20:55:00
3,1656,126.53351,43.86289,1011,0,203054.0,10-11 21:10:00
4,1656,126.54492,43.91295,1011,0,4013805.0,10-11 15:02:00
5,1656,126.55003,43.91174,1011,0,1173476.0,10-11 15:50:00
6,1656,126.55062,43.90359,1011,0,3731803.0,10-11 16:23:00
7,1656,126.58461,43.89457,1011,0,93804.0,10-11 17:25:00
8,1656,126.54689,43.91425,1011,0,3936885.0,10-11 14:21:00
