,courier_id,gps_lng,gps_lat,ds,depot,order_id,gps_time
0,3458,126.544,43.85,523,1,,
1,3458,126.54886,43.84875,523,0,1014014.0,05-23 13:56:00
2,3458,126.55313,43.85275,523,0,1239200.0,05-23 19:07:00
