,courier_id,gps_lng,gps_lat,ds,depot,order_id,gps_time
0,435,126.566,43.871,929,1,,
1,435,126.53189,43.88213,929,0,2492061.0,09-29 19:09:00
