,courier_id,gps_lng,gps_lat,ds,depot,order_id,gps_time
0,4322,126.566,43.871,607,1,,
1,4322,126.53001,43.90357,607,0,1735851.0,06-07 18:10:00
2,4322,126.54144,43.87819,607,0,1257551.0,06-07 17:43:00
3,4322,126.5472,43.87763,607,0,162104.0,06-07 16:58:00
4,4322,126.547,43.87887,607,0,108395.0,06-07 17:06:00
5,4322,126.54598,43.87857,607,0,1212258.0,06-07 17:13:00
