,courier_id,gps_lng,gps_lat,ds,depot,order_id,gps_time
0,3156,126.585,43.895,817,1,,
1,3156,126.55319,43.9085,817,0,2946228.0,08-17 16:30:00
2,3156,126.55549,43.91396,817,0,900192.0,08-17 17:18:00
3,3156,126.54912,43.9077,817,0,1217255.0,08-17 15:03:00
4,3156,126.55489,43.9145,817,0,206273.0,08-17 16:57:00
5,3156,126.55058,43.90408,817,0,1773428.0,08-17 17:26:00
6,3156,126.5536,43.90002,817,0,2846784.0,08-17 14:32:00
7,3156,126.55311,43.91207,817,0,1824267.0,08-17 16:47:00
8,3156,126.54991,43.90656,817,0,3241272.0,08-17 14:56:00
