,courier_id,gps_lng,gps_lat,ds,depot,order_id,gps_time
0,1656,126.585,43.895,726,1,,
1,1656,126.56782,43.91988,726,0,1531742.0,07-26 10:21:00
2,1656,126.56501,43.92457,726,0,1388888.0,07-26 10:57:00
3,1656,126.55386,43.932,726,0,1021662.0,07-26 11:27:00
4,1656,126.5288,43.93299,726,0,38542.0,07-26 12:05:00
5,1656,126.564,43.92187,726,0,3381818.0,07-26 10:45:00
6,1656,126.56257,43.92581,726,0,167976.0,07-26 11:13:00
7,1656,126.56395,43.92182,726,0,2749328.0,07-26 10:08:00
8,1656,126.53264,43.93427,726,0,29880.0,07-26 11:59:00
9,1656,126.56703,43.92792,726,0,4243027.0,07-26 11:04:00
10,1656,126.55237,43.95072,726,0,895390.0,07-26 11:39:00
11,1656,126.53342,43.86295,726,0,3359634.0,07-26 20:45:00
