,courier_id,gps_lng,gps_lat,ds,depot,order_id,gps_time
0,3156,126.585,43.895,807,1,,
1,3156,126.54758,43.90988,807,0,3188738.0,08-07 15:58:00
2,3156,126.54669,43.91439,807,0,1835725.0,08-07 16:24:00
3,3156,126.54879,43.9091,807,0,3638933.0,08-07 16:56:00
4,3156,126.55168,43.91345,807,0,243477.0,08-07 17:11:00
5,3156,126.55503,43.91584,807,0,3242146.0,08-07 17:20:00
6,3156,126.54599,43.90988,807,0,2654760.0,08-07 16:09:00
7,3156,126.54646,43.91536,807,0,3844581.0,08-07 16:38:00
8,3156,126.54987,43.907,807,0,1442199.0,08-07 15:40:00
