,courier_id,gps_lng,gps_lat,ds,depot,order_id,gps_time
0,1656,126.585,43.8945,525,1,,
1,1656,126.5544,43.9157,525,0,1864770.0,05-25 12:23:00
2,1656,126.55586,43.91553,525,0,1962137.0,05-25 12:30:00
3,1656,126.55581,43.91432,525,0,771999.0,05-25 12:17:00
4,1656,126.52719,43.93354,525,0,2486675.0,05-25 12:48:00
5,1656,126.59342,43.90094,525,0,125024.0,05-25 13:18:00
6,1656,126.55455,43.9086,525,0,2154360.0,05-25 12:01:00
7,1656,126.58483,43.89466,525,0,509865.0,05-25 16:19:00
