,courier_id,gps_lng,gps_lat,ds,depot,order_id,gps_time
0,3156,126.585,43.895,530,1,,
1,3156,126.55396,43.89816,530,0,2452913.0,05-30 11:24:00
2,3156,126.54695,43.90907,530,0,235599.0,05-30 12:19:00
3,3156,126.55674,43.91376,530,0,2415849.0,05-30 14:48:00
4,3156,126.54849,43.91222,530,0,4305018.0,05-30 13:01:00
5,3156,126.55359,43.90873,530,0,1984546.0,05-30 15:03:00
