,courier_id,gps_lng,gps_lat,ds,depot,order_id,gps_time
0,949,126.566,43.871,604,1,,
1,949,126.59291,43.8625,604,0,412381.0,06-04 14:44:00
2,949,126.59576,43.84699,604,0,1782049.0,06-04 11:54:00
3,949,126.58687,43.86269,604,0,4190919.0,06-04 19:19:00
4,949,126.58885,43.86339,604,0,1585314.0,06-04 19:40:00
5,949,126.56607,43.87077,604,0,2670022.0,06-04 20:16:00
6,949,126.59208,43.86252,604,0,2425435.0,06-04 19:10:00
7,949,126.59056,43.86072,604,0,1043851.0,06-04 18:34:00
8,949,126.59342,43.86336,604,0,2789738.0,06-04 18:49:00
