,courier_id,gps_time,gps_lng,gps_lat,ds,depot,order_id
0,435,09-26 08:40:00,126.566,43.871,926,1,
1,435,09-26 12:56:00,126.551,43.861,926,1,
2,435,09-26 12:40:00,126.54935,43.86192,926,0,2493387.0
3,435,09-26 13:16:00,126.55216,43.85746,926,0,3216632.0
