,courier_id,gps_time,gps_lng,gps_lat,ds,depot,order_id
0,1656,07-11 08:42:00,126.585,43.895,711,1,
1,1656,07-11 17:22:00,126.546,43.908,711,1,
2,1656,07-11 09:53:00,126.56815,43.92049,711,0,314189.0
3,1656,07-11 10:50:00,126.51929,43.94217,711,0,3019686.0
4,1656,07-11 11:03:00,126.53957,43.91734,711,0,1771516.0
5,1656,07-11 10:07:00,126.57065,43.92774,711,0,2186325.0
6,1656,07-11 20:25:00,126.53347,43.86294,711,0,2121548.0
