,courier_id,gps_lng,gps_lat,ds,depot,order_id,gps_time
0,2709,126.585,43.895,903,1,,
1,2709,126.56198,43.90749,903,0,1235565.0,09-03 16:16:00
2,2709,126.56255,43.91596,903,0,1987597.0,09-03 16:11:00
