,courier_id,gps_lng,gps_lat,ds,depot,order_id,gps_time
0,967,126.567,43.812,929,1,,
1,967,126.67634,43.72839,929,0,2303928.0,09-29 19:17:00
