,courier_id,gps_lng,gps_lat,ds,depot,order_id,gps_time
0,1558,126.566,43.871,908,1,,
1,1558,126.56623,43.87075,908,0,1071179.0,09-08 17:38:00
2,1558,126.53799,43.87175,908,0,1708243.0,09-08 10:46:00
3,1558,126.54066,43.86734,908,0,1007524.0,09-08 11:31:00
4,1558,126.54078,43.86746,908,0,1149376.0,09-08 11:38:00
5,1558,126.53877,43.87069,908,0,1799717.0,09-08 11:46:00
6,1558,126.54042,43.87074,908,0,1732545.0,09-08 11:54:00
7,1558,126.5669,43.88011,908,0,101960.0,09-08 12:13:00
8,1558,126.54317,43.868,908,0,1141196.0,09-08 13:53:00
