,courier_id,gps_lng,gps_lat,ds,depot,order_id,gps_time
0,4849,126.566,43.871,519,1,,
1,4849,126.58468,43.83859,519,0,3589465.0,05-19 13:35:00
2,4849,126.57784,43.84306,519,0,2703347.0,05-19 14:19:00
3,4849,126.57069,43.84226,519,0,3573713.0,05-19 11:00:00
4,4849,126.57218,43.84848,519,0,1960423.0,05-19 16:31:00
5,4849,126.5714,43.84761,519,0,3687996.0,05-19 17:19:00
6,4849,126.57463,43.84965,519,0,3468765.0,05-19 16:02:00
7,4849,126.57174,43.85056,519,0,2689775.0,05-19 16:26:00
8,4849,126.57191,43.85238,519,0,3549441.0,05-19 16:18:00
