,courier_id,gps_lng,gps_lat,ds,depot,order_id,gps_time
0,4114,126.566,43.871,619,1,,
1,4114,126.53954,43.87073,619,0,3980068.0,06-19 11:14:00
2,4114,126.54004,43.87119,619,0,1329603.0,06-19 11:25:00
3,4114,126.54216,43.86868,619,0,569902.0,06-19 09:58:00
4,4114,126.53823,43.87232,619,0,1030509.0,06-19 10:47:00
