,courier_id,gps_lng,gps_lat,ds,depot,order_id,gps_time
0,1656,126.585,43.895,912,1,,
1,1656,126.53345,43.86311,912,0,563772.0,09-12 20:59:00
2,1656,126.57361,43.92306,912,0,4172254.0,09-12 10:49:00
3,1656,126.56552,43.92726,912,0,2040956.0,09-12 11:16:00
4,1656,126.57305,43.91921,912,0,3580884.0,09-12 10:39:00
5,1656,126.5682,43.92783,912,0,504343.0,09-12 11:31:00
6,1656,126.5555,43.91159,912,0,144585.0,09-12 12:26:00
