,courier_id,gps_time,gps_lng,gps_lat,ds,depot,order_id
0,435,07-11 07:45:00,126.566,43.871,711,1,
1,435,07-11 08:24:00,126.554,43.874,711,1,
2,435,07-11 08:47:00,126.55236,43.87311,711,0,4173891.0
3,435,07-11 09:05:00,126.55297,43.87049,711,0,787962.0
4,435,07-11 11:17:00,126.56175,43.87046,711,0,3393645.0
5,435,07-11 09:50:00,126.55331,43.85828,711,0,4386343.0
6,435,07-11 10:45:00,126.5643,43.86348,711,0,2503303.0
7,435,07-11 09:13:00,126.55448,43.86998,711,0,3467396.0
8,435,07-11 10:36:00,126.55686,43.86095,711,0,2334812.0
9,435,07-11 08:38:00,126.55178,43.87459,711,0,3111762.0
