,courier_id,gps_lng,gps_lat,ds,depot,order_id,gps_time
0,588,126.545,43.85,705,1,,
1,588,126.53615,43.88258,705,0,4497105.0,07-05 15:37:00
