,courier_id,gps_lng,gps_lat,ds,depot,order_id,gps_time
0,2925,126.545,43.85,527,1,,
1,2925,126.5129,43.83293,527,0,2514228.0,05-27 13:26:00
2,2925,126.51772,43.8274,527,0,2873712.0,05-27 23:33:00
