,courier_id,gps_lng,gps_lat,ds,depot,order_id,gps_time
0,1656,126.585,43.895,1006,1,,
1,1656,126.56805,43.89608,1006,0,3448958.0,10-06 15:43:00
2,1656,126.53356,43.86311,1006,0,2781143.0,10-06 19:39:00
3,1656,126.52058,43.94013,1006,0,1381011.0,10-06 13:11:00
4,1656,126.56959,43.9299,1006,0,704792.0,10-06 11:54:00
5,1656,126.5846,43.89476,1006,0,1437662.0,10-06 15:58:00
6,1656,126.57426,43.9179,1006,0,1782565.0,10-06 10:48:00
7,1656,126.5666,43.92893,1006,0,1805867.0,10-06 12:05:00
8,1656,126.56191,43.92118,1006,0,2604352.0,10-06 12:36:00
