,courier_id,gps_lng,gps_lat,ds,depot,order_id,gps_time
0,949,126.566,43.871,624,1,,
1,949,126.59439,43.84444,624,0,1821263.0,06-24 13:15:00
2,949,126.59408,43.84112,624,0,534352.0,06-24 19:29:00
3,949,126.59133,43.83891,624,0,3959706.0,06-24 18:22:00
