,courier_id,gps_lng,gps_lat,ds,depot,order_id,gps_time
0,487,126.565,43.812,625,1,,
1,487,126.52241,43.80287,625,0,2929341.0,06-25 20:44:00
