,courier_id,gps_lng,gps_lat,ds,depot,order_id,gps_time
0,4849,126.56649999999999,43.871,525,1,,
1,4849,126.56751,43.84746,525,0,3047367.0,05-25 12:53:00
2,4849,126.57332,43.85313,525,0,392246.0,05-25 11:41:00
3,4849,126.57406,43.83861,525,0,4292027.0,05-25 17:00:00
4,4849,126.57434,43.84389,525,0,3672079.0,05-25 15:44:00
5,4849,126.57483,43.83893,525,0,24974.0,05-25 16:25:00
6,4849,126.55691,43.85579,525,0,2654772.0,05-25 18:34:00
