,courier_id,gps_lng,gps_lat,ds,depot,order_id,gps_time
0,2709,126.585,43.8945,520,1,,
1,2709,126.55434,43.90828,520,0,4440775.0,05-20 20:47:00
2,2709,126.56849,43.90063,520,0,75472.0,05-20 20:41:00
3,2709,126.55448,43.90823,520,0,3484106.0,05-20 20:36:00
