,courier_id,gps_lng,gps_lat,ds,depot,order_id,gps_time
0,2709,126.585,43.895,927,1,,
1,2709,126.56568,43.91107,927,0,3455735.0,09-27 15:33:00
2,2709,126.57715,43.89482,927,0,2321855.0,09-27 15:28:00
3,2709,126.57665,43.89728,927,0,2713069.0,09-27 15:23:00
