,courier_id,gps_lng,gps_lat,ds,depot,order_id,gps_time
0,87,126.544,43.85,1006,1,,
1,87,126.55363,43.8414,1006,0,1494416.0,10-06 11:30:00
2,87,126.55684,43.84076,1006,0,3487969.0,10-06 11:48:00
3,87,126.55924,43.84112,1006,0,2185577.0,10-06 11:53:00
4,87,126.55177,43.83931,1006,0,2379630.0,10-06 10:19:00
5,87,126.55611,43.84426,1006,0,2654626.0,10-06 10:59:00
6,87,126.5458,43.84036,1006,0,2430979.0,10-06 09:28:00
7,87,126.5592,43.84427,1006,0,3143843.0,10-06 12:10:00
8,87,126.54112,43.8459,1006,0,639457.0,10-06 21:47:00
