,courier_id,gps_lng,gps_lat,ds,depot,order_id,gps_time
0,2709,126.585,43.895,714,1,,
1,2709,126.56127,43.89931,714,0,1649538.0,07-14 14:29:00
2,2709,126.5699,43.89654,714,0,1171559.0,07-14 14:24:00
