,courier_id,gps_lng,gps_lat,ds,depot,order_id,gps_time
0,2302,126.5445,43.85,712,1,,
1,2302,126.55708,43.853,712,0,184918.0,07-12 10:18:00
2,2302,126.55198,43.84714,712,0,1644655.0,07-12 10:39:00
3,2302,126.5497,43.8478,712,0,3761722.0,07-12 10:53:00
4,2302,126.53811,43.84876,712,0,1765606.0,07-12 08:39:00
5,2302,126.5514,43.85235,712,0,227214.0,07-12 09:08:00
6,2302,126.56436,43.85544,712,0,1914287.0,07-12 10:01:00
7,2302,126.54756,43.84869,712,0,2056018.0,07-12 11:25:00
8,2302,126.57396,43.88127,712,0,833253.0,07-12 20:11:00
