,courier_id,gps_lng,gps_lat,ds,depot,order_id,gps_time
0,1558,126.566,43.871,1018,1,,
1,1558,126.56624,43.87067,1018,0,4184997.0,10-18 17:00:00
2,1558,126.56608,43.87076,1018,0,855480.0,10-18 13:29:00
3,1558,126.56626,43.87077,1018,0,4058355.0,10-18 17:46:00
4,1558,126.56605,43.87089,1018,0,3766374.0,10-18 13:20:00
5,1558,126.56632,43.87068,1018,0,1815198.0,10-18 16:29:00
6,1558,126.5588,43.86979,1018,0,1892463.0,10-18 19:00:00
