,courier_id,gps_lng,gps_lat,ds,depot,order_id,gps_time
0,1177,126.567,43.812,604,1,,
1,1177,126.59452,43.80197,604,0,4068937.0,06-04 12:39:00
2,1177,126.5882,43.79743,604,0,3720777.0,06-04 11:31:00
3,1177,126.58336,43.80297,604,0,2433599.0,06-04 11:15:00
4,1177,126.58322,43.80613,604,0,923437.0,06-04 10:34:00
5,1177,126.56381,43.81489,604,0,1383895.0,06-04 20:05:00
6,1177,126.5759,43.80792,604,0,2941124.0,06-04 15:05:00
7,1177,126.56967,43.79909,604,0,2559387.0,06-04 15:19:00
8,1177,126.56659,43.7984,604,0,1151893.0,06-04 15:29:00
