,courier_id,gps_lng,gps_lat,ds,depot,order_id,gps_time
0,1103,126.565,43.812,624,1,,
1,1103,126.55097,43.80929,624,0,1265648.0,06-24 20:40:00
2,1103,126.57166,43.81146,624,0,4131175.0,06-24 18:06:00
