,courier_id,gps_lng,gps_lat,ds,depot,order_id,gps_time
0,1103,126.565,43.812,625,1,,
1,1103,126.57176,43.81156,625,0,799833.0,06-25 18:57:00
