,courier_id,gps_lng,gps_lat,ds,depot,order_id,gps_time
0,1656,126.585,43.895,514,1,,
1,1656,126.52395,43.87464,514,0,2871551.0,05-14 22:06:00
