,courier_id,gps_lng,gps_lat,ds,depot,order_id,gps_time
0,3408,126.5445,43.85,518,1,,
1,3408,126.52263,43.8718,518,0,1989746.0,05-18 12:30:00
2,3408,126.54445,43.85006,518,0,3289879.0,05-18 14:34:00
3,3408,126.54349,43.85209,518,0,574483.0,05-18 16:59:00
