,courier_id,gps_lng,gps_lat,ds,depot,order_id,gps_time
0,588,126.536,43.883,715,1,,
1,588,126.53621,43.88261,715,0,3770901.0,07-15 15:56:00
