,courier_id,gps_lng,gps_lat,ds,depot,order_id,gps_time
0,3853,126.529,43.879,605,1,,
1,3853,126.50224,43.91253,605,0,2385517.0,06-05 11:41:00
2,3853,126.47646,43.94607,605,0,2848906.0,06-05 12:21:00
3,3853,126.45562,43.95142,605,0,2710809.0,06-05 12:46:00
