,courier_id,gps_lng,gps_lat,ds,depot,order_id,gps_time
0,487,126.567,43.812,526,1,,
1,487,126.52359,43.79927,526,0,588533.0,05-26 20:31:00
