,courier_id,gps_lng,gps_lat,ds,depot,order_id,gps_time
0,4849,126.566,43.871,624,1,,
1,4849,126.56986,43.84281,624,0,3282106.0,06-24 10:50:00
2,4849,126.57594,43.84264,624,0,4475314.0,06-24 15:47:00
