,courier_id,gps_lng,gps_lat,ds,depot,order_id,gps_time
0,2709,126.585,43.895,708,1,,
1,2709,126.56987,43.89657,708,0,2486534.0,07-08 14:25:00
