,courier_id,gps_lng,gps_lat,ds,depot,order_id,gps_time
0,1656,126.585,43.895,927,1,,
1,1656,126.53282,43.86242,927,0,3243160.0,09-27 19:34:00
