,courier_id,gps_lng,gps_lat,ds,depot,order_id,gps_time
0,979,126.567,43.812,524,1,,
1,979,126.55509,43.80571,524,0,4353261.0,05-24 11:18:00
