,courier_id,gps_lng,gps_lat,ds,depot,order_id,gps_time
0,75,126.567,43.812,519,1,,
1,75,126.57346,43.82399,519,0,3335875.0,05-19 16:32:00
2,75,126.57488,43.81987,519,0,2817517.0,05-19 15:46:00
