,courier_id,gps_lng,gps_lat,ds,depot,order_id,gps_time
0,4474,126.565,43.812,624,1,,
1,4474,126.56834,43.819,624,0,4074175.0,06-24 20:13:00
2,4474,126.55222,43.80445,624,0,1307256.0,06-24 10:12:00
3,4474,126.5486,43.81513,624,0,3519573.0,06-24 14:00:00
