,courier_id,gps_lng,gps_lat,ds,depot,order_id,gps_time
0,435,126.566,43.871,616,1,,
1,435,126.54928,43.87259,616,0,2802506.0,06-16 09:29:00
2,435,126.55388,43.87301,616,0,726349.0,06-16 09:06:00
3,435,126.55138,43.87392,616,0,1411702.0,06-16 09:15:00
4,435,126.55423,43.87042,616,0,587670.0,06-16 09:46:00
5,435,126.56247,43.86678,616,0,4326336.0,06-16 11:39:00
6,435,126.55515,43.86029,616,0,271732.0,06-16 10:45:00
7,435,126.56271,43.86219,616,0,696796.0,06-16 11:11:00
8,435,126.5639,43.85917,616,0,3797844.0,06-16 11:27:00
