,courier_id,gps_lng,gps_lat,ds,depot,order_id,gps_time
0,2618,126.565,43.8125,607,1,,
1,2618,126.57462,43.83165,607,0,1175942.0,06-07 10:15:00
2,2618,126.57031,43.83236,607,0,1762147.0,06-07 11:21:00
3,2618,126.56723,43.83277,607,0,3535058.0,06-07 12:12:00
4,2618,126.57294,43.83126,607,0,1934894.0,06-07 11:03:00
5,2618,126.56656,43.8316,607,0,4128906.0,06-07 12:21:00
6,2618,126.56532,43.83223,607,0,2614611.0,06-07 12:34:00
7,2618,126.57437,43.83014,607,0,2351810.0,06-07 10:28:00
8,2618,126.56693,43.80765,607,0,3245439.0,06-07 13:25:00
