,courier_id,gps_lng,gps_lat,ds,depot,order_id,gps_time
0,3156,126.585,43.895,529,1,,
1,3156,126.55352,43.91089,529,0,3736201.0,05-29 14:58:00
