,courier_id,gps_lng,gps_lat,ds,depot,order_id,gps_time
0,2709,126.585,43.895,522,1,,
1,2709,126.56993,43.90353,522,0,3561632.0,05-22 19:07:00
