,courier_id,gps_lng,gps_lat,ds,depot,order_id,gps_time
0,4598,126.565,43.812,619,1,,
1,4598,126.59783,43.81713,619,0,4097109.0,06-19 21:42:00
2,4598,126.59803,43.81615,619,0,116459.0,06-19 11:52:00
3,4598,126.59545,43.81721,619,0,3121654.0,06-19 11:24:00
