,courier_id,gps_time,gps_lng,gps_lat,ds,depot,order_id
0,2709,09-09 08:53:00,126.585,43.895,909,1,
1,2709,09-09 11:51:00,126.566,43.926,909,1,
2,2709,09-09 15:20:00,126.56202,43.89943,909,0,2541669.0
3,2709,09-09 15:15:00,126.56709,43.90576,909,0,1731486.0
