,courier_id,gps_lng,gps_lat,ds,depot,order_id,gps_time
0,218,126.602,43.834,1007,1,,
1,218,126.60183,43.83409,1007,0,1105294.0,10-07 19:42:00
