,courier_id,gps_lng,gps_lat,ds,depot,order_id,gps_time
0,3156,126.585,43.895,713,1,,
1,3156,126.54943,43.90782,713,0,3511549.0,07-13 12:49:00
2,3156,126.54569,43.90764,713,0,1999104.0,07-13 13:32:00
3,3156,126.55049,43.91037,713,0,700045.0,07-13 14:21:00
4,3156,126.55458,43.9149,713,0,1959187.0,07-13 14:34:00
5,3156,126.55002,43.91179,713,0,3143525.0,07-13 14:03:00
6,3156,126.55059,43.90425,713,0,4084384.0,07-13 14:52:00
