,courier_id,gps_lng,gps_lat,ds,depot,order_id,gps_time
0,588,126.5445,43.85,529,1,,
1,588,126.52149,43.81061,529,0,1439570.0,05-29 20:56:00
2,588,126.51813,43.8129,529,0,1017716.0,05-29 21:42:00
3,588,126.51677,43.81128,529,0,2409379.0,05-29 22:03:00
4,588,126.5431,43.84836,529,0,2421955.0,05-29 22:27:00
5,588,126.51918,43.81048,529,0,3432845.0,05-29 21:03:00
