,courier_id,gps_lng,gps_lat,ds,depot,order_id,gps_time
0,4322,126.566,43.871,604,1,,
1,4322,126.54861,43.87685,604,0,2687997.0,06-04 10:39:00
2,4322,126.56616,43.87075,604,0,4172293.0,06-04 12:51:00
3,4322,126.5396,43.87809,604,0,527621.0,06-04 12:09:00
4,4322,126.54059,43.8783,604,0,1635250.0,06-04 12:14:00
5,4322,126.54114,43.86443,604,0,2206158.0,06-04 15:02:00
6,4322,126.54214,43.86347,604,0,2826640.0,06-04 15:22:00
