,courier_id,gps_lng,gps_lat,ds,depot,order_id,gps_time
0,87,126.544,43.85,1011,1,,
1,87,126.54987,43.83903,1011,0,112734.0,10-11 10:20:00
2,87,126.55801,43.84223,1011,0,1486173.0,10-11 10:57:00
3,87,126.54127,43.84587,1011,0,3221323.0,10-11 19:21:00
