,courier_id,gps_lng,gps_lat,ds,depot,order_id,gps_time
0,3458,126.545,43.85,528,1,,
1,3458,126.54066,43.83488,528,0,3667085.0,05-28 13:57:00
