,courier_id,gps_lng,gps_lat,ds,depot,order_id,gps_time
0,4474,126.565,43.812,625,1,,
1,4474,126.55507,43.80708,625,0,4297369.0,06-25 18:50:00
2,4474,126.56873,43.81905,625,0,3228730.0,06-25 21:06:00
