,courier_id,gps_lng,gps_lat,ds,depot,order_id,gps_time
0,2709,126.585,43.895,711,1,,
1,2709,126.56505,43.90814,711,0,2581784.0,07-11 16:03:00
