,courier_id,gps_lng,gps_lat,ds,depot,order_id,gps_time
0,435,126.566,43.871,516,1,,
1,435,126.55878,43.86173,516,0,957703.0,05-16 11:25:00
2,435,126.56019,43.86715,516,0,3241057.0,05-16 12:53:00
3,435,126.56271,43.87137,516,0,534546.0,05-16 10:06:00
4,435,126.56463,43.86201,516,0,859065.0,05-16 10:40:00
5,435,126.56217,43.86313,516,0,3037245.0,05-16 10:56:00
6,435,126.55876,43.86174,516,0,3198164.0,05-16 11:14:00
7,435,126.552,43.85637,516,0,1367467.0,05-16 12:31:00
8,435,126.56162,43.86918,516,0,1768200.0,05-16 10:23:00
