,courier_id,gps_lng,gps_lat,ds,depot,order_id,gps_time
0,1656,126.585,43.895,723,1,,
1,1656,126.58474,43.8946,723,0,1275667.0,07-23 08:05:00
2,1656,126.56699,43.92107,723,0,2304570.0,07-23 10:02:00
3,1656,126.56178,43.92822,723,0,612531.0,07-23 10:25:00
4,1656,126.57054,43.91838,723,0,450104.0,07-23 09:48:00
5,1656,126.57063,43.93279,723,0,3237688.0,07-23 10:11:00
6,1656,126.57096,43.93047,723,0,826969.0,07-23 10:16:00
7,1656,126.55993,43.92298,723,0,1609338.0,07-23 10:50:00
8,1656,126.5762,43.91505,723,0,1871474.0,07-23 09:31:00
9,1656,126.5776,43.91673,723,0,2977078.0,07-23 09:38:00
10,1656,126.57438,43.9235,723,0,2289555.0,07-23 09:55:00
11,1656,126.53142,43.92828,723,0,2600990.0,07-23 11:01:00
12,1656,126.53345,43.86304,723,0,3634768.0,07-23 20:47:00
