,courier_id,gps_lng,gps_lat,ds,depot,order_id,gps_time
0,2709,126.585,43.895,730,1,,
1,2709,126.56517,43.89815,730,0,2350332.0,07-30 15:40:00
