,courier_id,gps_lng,gps_lat,ds,depot,order_id,gps_time
0,2925,126.5445,43.85,625,1,,
1,2925,126.52017,43.82762,625,0,1263972.0,06-25 17:18:00
2,2925,126.51867,43.82428,625,0,2846664.0,06-25 13:05:00
