,courier_id,gps_lng,gps_lat,ds,depot,order_id,gps_time
0,1656,126.585,43.895,615,1,,
1,1656,126.53321,43.86306,615,0,2500530.0,06-15 20:44:00
