,courier_id,gps_lng,gps_lat,ds,depot,order_id,gps_time
0,2452,126.565,43.812,605,1,,
1,2452,126.59014,43.86388,605,0,1536468.0,06-05 20:39:00
