,courier_id,gps_lng,gps_lat,ds,depot,order_id,gps_time
0,487,126.567,43.812,710,1,,
1,487,126.52677,43.80036,710,0,4083076.0,07-10 11:45:00
2,487,126.5306,43.8048,710,0,1030050.0,07-10 11:29:00
3,487,126.55039,43.78814,710,0,1822995.0,07-10 09:58:00
4,487,126.55532,43.78998,710,0,2444695.0,07-10 10:07:00
5,487,126.54539,43.79263,710,0,1257614.0,07-10 09:26:00
6,487,126.52488,43.80074,710,0,16411.0,07-10 20:23:00
