,courier_id,gps_lng,gps_lat,ds,depot,order_id,gps_time
0,487,126.567,43.812,802,1,,
1,487,126.53273,43.80583,802,0,1104679.0,08-02 11:48:00
2,487,126.53188,43.80791,802,0,4400330.0,08-02 12:03:00
3,487,126.52837,43.80621,802,0,1131826.0,08-02 12:13:00
4,487,126.52466,43.80055,802,0,3728819.0,08-02 15:55:00
5,487,126.54623,43.79291,802,0,9997.0,08-02 09:09:00
6,487,126.55465,43.78724,802,0,2284530.0,08-02 09:46:00
7,487,126.59473,43.77509,802,0,3235604.0,08-02 11:04:00
8,487,126.59597,43.77974,802,0,937102.0,08-02 11:17:00
