,courier_id,gps_lng,gps_lat,ds,depot,order_id,gps_time
0,487,126.567,43.812,615,1,,
1,487,126.53482,43.80506,615,0,1286929.0,06-15 12:17:00
2,487,126.58721,43.78135,615,0,454974.0,06-15 11:07:00
3,487,126.56066,43.78827,615,0,148811.0,06-15 09:51:00
4,487,126.54892,43.79207,615,0,2813885.0,06-15 09:25:00
5,487,126.52459,43.80034,615,0,962992.0,06-15 20:25:00
