,courier_id,gps_lng,gps_lat,ds,depot,order_id,gps_time
0,2709,126.585,43.895,524,1,,
1,2709,126.56833,43.90047,524,0,1929172.0,05-24 20:03:00
