,courier_id,gps_lng,gps_lat,ds,depot,order_id,gps_time
0,2709,126.585,43.895,814,1,,
1,2709,126.56612,43.9121,814,0,4301412.0,08-14 17:36:00
2,2709,126.56624,43.91209,814,0,2881326.0,08-14 17:30:00
3,2709,126.56112,43.8993,814,0,4223428.0,08-14 17:25:00
