,courier_id,gps_lng,gps_lat,ds,depot,order_id,gps_time
0,487,126.567,43.812,525,1,,
1,487,126.55493,43.78824,525,0,4188130.0,05-25 12:09:00
