,courier_id,gps_lng,gps_lat,ds,depot,order_id,gps_time
0,323,126.544,43.85,929,1,,
1,323,126.5209,43.82079,929,0,3256986.0,09-29 20:43:00
2,323,126.52047,43.82475,929,0,3717995.0,09-29 10:49:00
3,323,126.51793,43.8267,929,0,4111674.0,09-29 10:20:00
