,courier_id,gps_lng,gps_lat,ds,depot,order_id,gps_time
0,2709,126.585,43.895,827,1,,
1,2709,126.56293,43.91509,827,0,3641203.0,08-27 16:45:00
2,2709,126.56201,43.89937,827,0,3252141.0,08-27 16:40:00
3,2709,126.55942,43.89747,827,0,2768327.0,08-27 16:35:00
