,courier_id,gps_lng,gps_lat,ds,depot,order_id,gps_time
0,2709,126.585,43.895,731,1,,
1,2709,126.57354,43.89652,731,0,545039.0,07-31 17:03:00
2,2709,126.57022,43.89591,731,0,1652220.0,07-31 16:43:00
3,2709,126.56216,43.89978,731,0,3638873.0,07-31 16:58:00
