,courier_id,gps_lng,gps_lat,ds,depot,order_id,gps_time
0,2709,126.585,43.895,804,1,,
1,2709,126.56512,43.9121,804,0,1373404.0,08-04 16:20:00
2,2709,126.59003,43.89311,804,0,2350225.0,08-04 16:15:00
