,courier_id,gps_lng,gps_lat,ds,depot,order_id,gps_time
0,487,126.567,43.812,818,1,,
1,487,126.56763,43.77826,818,0,2498678.0,08-18 09:49:00
2,487,126.59237,43.77599,818,0,2611371.0,08-18 10:50:00
3,487,126.54236,43.79662,818,0,2156778.0,08-18 11:18:00
4,487,126.54942,43.79231,818,0,3912462.0,08-18 09:09:00
5,487,126.53603,43.80775,818,0,4139563.0,08-18 11:34:00
6,487,126.52698,43.80164,818,0,356156.0,08-18 12:10:00
7,487,126.58858,43.84229,818,0,2398011.0,08-18 19:00:00
8,487,126.53271,43.80781,818,0,1432234.0,08-18 12:01:00
