,courier_id,gps_lng,gps_lat,ds,depot,order_id,gps_time
0,2709,126.585,43.895,822,1,,
1,2709,126.57248,43.912,822,0,4004081.0,08-22 16:44:00
2,2709,126.55888,43.90976,822,0,4412689.0,08-22 16:39:00
