,courier_id,gps_lng,gps_lat,ds,depot,order_id,gps_time
0,2709,126.585,43.895,613,1,,
1,2709,126.56633,43.89945,613,0,957582.0,06-13 15:13:00
