,courier_id,gps_lng,gps_lat,ds,depot,order_id,gps_time
0,979,126.567,43.812,528,1,,
1,979,126.55223,43.80448,528,0,1251955.0,05-28 13:11:00
2,979,126.55914,43.80236,528,0,46179.0,05-28 12:07:00
3,979,126.55732,43.80095,528,0,3983390.0,05-28 12:54:00
4,979,126.55908,43.80242,528,0,1908258.0,05-28 11:58:00
5,979,126.54455,43.81634,528,0,2447311.0,05-28 19:12:00
6,979,126.56696,43.81202,528,0,465912.0,05-28 21:34:00
