,courier_id,gps_lng,gps_lat,ds,depot,order_id,gps_time
0,487,126.567,43.812,713,1,,
1,487,126.52363,43.8003,713,0,4177156.0,07-13 11:44:00
2,487,126.56637,43.7864,713,0,4135630.0,07-13 09:51:00
3,487,126.54585,43.793,713,0,2799235.0,07-13 09:12:00
4,487,126.52441,43.80058,713,0,1179033.0,07-13 20:45:00
