,courier_id,gps_lng,gps_lat,ds,depot,order_id,gps_time
0,2709,126.585,43.895,918,1,,
1,2709,126.55964,43.90878,918,0,2659274.0,09-18 13:42:00
2,2709,126.57184,43.89863,918,0,2906730.0,09-18 13:37:00
