,courier_id,gps_lng,gps_lat,ds,depot,order_id,gps_time
0,2925,126.5445,43.85,528,1,,
1,2925,126.51984,43.8266,528,0,2452372.0,05-28 17:33:00
2,2925,126.51735,43.83331,528,0,3306313.0,05-28 14:24:00
3,2925,126.51913,43.8315,528,0,4007161.0,05-28 14:59:00
4,2925,126.51954,43.8359,528,0,2303402.0,05-28 13:59:00
