,courier_id,gps_lng,gps_lat,ds,depot,order_id,gps_time
0,3156,126.585,43.895,624,1,,
1,3156,126.55608,43.91367,624,0,2032350.0,06-24 16:06:00
2,3156,126.55148,43.90992,624,0,2825113.0,06-24 20:20:00
3,3156,126.54678,43.90783,624,0,2814871.0,06-24 19:02:00
