,courier_id,gps_lng,gps_lat,ds,depot,order_id,gps_time
0,2709,126.585,43.895,925,1,,
1,2709,126.56778,43.89652,925,0,3192022.0,09-25 13:38:00
