,courier_id,gps_lng,gps_lat,ds,depot,order_id,gps_time
0,1656,126.585,43.895,629,1,,
1,1656,126.57477,43.93117,629,0,3160193.0,06-29 10:42:00
2,1656,126.57764,43.91634,629,0,2160948.0,06-29 10:19:00
3,1656,126.56373,43.92251,629,0,3052288.0,06-29 10:29:00
4,1656,126.56146,43.92846,629,0,3211365.0,06-29 10:57:00
5,1656,126.53323,43.86292,629,0,966677.0,06-29 20:55:00
