,courier_id,gps_lng,gps_lat,ds,depot,order_id,gps_time
0,1656,126.585,43.895,1003,1,,
1,1656,126.58471,43.89451,1003,0,1164143.0,10-03 15:20:00
2,1656,126.58468,43.89474,1003,0,1966095.0,10-03 16:54:00
3,1656,126.5335,43.86302,1003,0,4242338.0,10-03 20:42:00
