,courier_id,gps_lng,gps_lat,ds,depot,order_id,gps_time
0,3853,126.529,43.879,610,1,,
1,3853,126.47443,43.94177,610,0,3173578.0,06-10 14:56:00
2,3853,126.47365,43.945,610,0,4274427.0,06-10 15:20:00
3,3853,126.47766,43.9474,610,0,885698.0,06-10 15:31:00
4,3853,126.47467,43.94503,610,0,80775.0,06-10 15:40:00
5,3853,126.47386,43.94363,610,0,914813.0,06-10 15:47:00
