,courier_id,gps_lng,gps_lat,ds,depot,order_id,gps_time
0,487,126.565,43.812,630,1,,
1,487,126.52042,43.80192,630,0,1688078.0,06-30 16:21:00
2,487,126.56885,43.77226,630,0,3584402.0,06-30 12:59:00
3,487,126.56073,43.78822,630,0,1447232.0,06-30 11:46:00
4,487,126.53441,43.80471,630,0,3911032.0,06-30 15:08:00
5,487,126.52682,43.80311,630,0,1533116.0,06-30 16:08:00
6,487,126.52124,43.79907,630,0,1063460.0,06-30 16:39:00
7,487,126.53566,43.80588,630,0,1809026.0,06-30 15:33:00
8,487,126.52459,43.80059,630,0,4115968.0,06-30 20:41:00
