,courier_id,gps_lng,gps_lat,ds,depot,order_id,gps_time
0,3156,126.58449999999999,43.895,805,1,,
1,3156,126.55387,43.90027,805,0,568159.0,08-05 14:31:00
2,3156,126.54939,43.91488,805,0,2029402.0,08-05 15:42:00
3,3156,126.55092,43.90615,805,0,2747073.0,08-05 14:56:00
4,3156,126.54854,43.90698,805,0,9074.0,08-05 15:05:00
5,3156,126.55563,43.91671,805,0,97792.0,08-05 15:53:00
