,courier_id,gps_lng,gps_lat,ds,depot,order_id,gps_time
0,75,126.567,43.812,616,1,,
1,75,126.5655,43.83076,616,0,2042635.0,06-16 12:51:00
2,75,126.55934,43.83298,616,0,3538217.0,06-16 13:09:00
3,75,126.54469,43.82469,616,0,3136767.0,06-16 13:25:00
4,75,126.56624,43.81283,616,0,3000447.0,06-16 10:24:00
5,75,126.56781,43.81325,616,0,581014.0,06-16 10:47:00
6,75,126.56792,43.82075,616,0,3744601.0,06-16 11:30:00
7,75,126.59419,43.84162,616,0,3429164.0,06-16 18:18:00
