,courier_id,gps_lng,gps_lat,ds,depot,order_id,gps_time
0,487,126.567,43.812,603,1,,
1,487,126.52985,43.8045,603,0,2857022.0,06-03 11:27:00
2,487,126.52619,43.79962,603,0,465543.0,06-03 12:03:00
3,487,126.54292,43.79156,603,0,970962.0,06-03 08:59:00
4,487,126.52836,43.80641,603,0,4059278.0,06-03 14:52:00
5,487,126.53169,43.8067,603,0,3156653.0,06-03 15:06:00
6,487,126.53628,43.8077,603,0,1522161.0,06-03 15:14:00
7,487,126.51957,43.80735,603,0,859553.0,06-03 20:24:00
