,courier_id,gps_lng,gps_lat,ds,depot,order_id,gps_time
0,3156,126.585,43.895,603,1,,
1,3156,126.55019,43.91181,603,0,2594724.0,06-03 14:23:00
