,courier_id,gps_lng,gps_lat,ds,depot,order_id,gps_time
0,1656,126.585,43.895,1026,1,,
1,1656,126.58478,43.89473,1026,0,2179802.0,10-26 13:41:00
