,courier_id,gps_lng,gps_lat,ds,depot,order_id,gps_time
0,638,126.5445,43.85,606,1,,
1,638,126.56336,43.8443,606,0,3054341.0,06-06 11:57:00
2,638,126.55848,43.84249,606,0,2782905.0,06-06 14:20:00
3,638,126.55884,43.8406,606,0,2509456.0,06-06 13:05:00
4,638,126.54388,43.84011,606,0,1322223.0,06-06 17:59:00
5,638,126.56124,43.83953,606,0,2816961.0,06-06 12:46:00
6,638,126.55811,43.83951,606,0,1623662.0,06-06 13:15:00
7,638,126.55341,43.83936,606,0,1694339.0,06-06 16:11:00
8,638,126.54561,43.84023,606,0,2044.0,06-06 15:36:00
