,courier_id,gps_lng,gps_lat,ds,depot,order_id,gps_time
0,3156,126.585,43.895,716,1,,
1,3156,126.55085,43.90881,716,0,2119895.0,07-16 14:14:00
2,3156,126.5556,43.91403,716,0,1817143.0,07-16 15:16:00
3,3156,126.54857,43.90876,716,0,2468321.0,07-16 14:09:00
4,3156,126.55159,43.91362,716,0,4007184.0,07-16 14:22:00
5,3156,126.55798,43.9157,716,0,1130047.0,07-16 15:01:00
6,3156,126.58468,43.89476,716,0,4355721.0,07-16 15:46:00
7,3156,126.55402,43.89973,716,0,2685113.0,07-16 12:46:00
8,3156,126.54629,43.90974,716,0,396093.0,07-16 13:02:00
9,3156,126.55296,43.90885,716,0,3290597.0,07-16 15:28:00
10,3156,126.55372,43.91187,716,0,4090514.0,07-16 14:31:00
