,courier_id,gps_lng,gps_lat,ds,depot,order_id,gps_time
0,2208,126.566,43.871,619,1,,
1,2208,126.54132,43.87631,619,0,2637971.0,06-19 11:19:00
2,2208,126.54451,43.87387,619,0,504698.0,06-19 09:27:00
3,2208,126.54385,43.87429,619,0,4134681.0,06-19 10:00:00
4,2208,126.53999,43.8767,619,0,1128769.0,06-19 11:06:00
5,2208,126.53649,43.87574,619,0,670413.0,06-19 12:21:00
6,2208,126.54886,43.87376,619,0,2532391.0,06-19 13:03:00
7,2208,126.54122,43.87678,619,0,1062504.0,06-19 10:53:00
