,courier_id,gps_lng,gps_lat,ds,depot,order_id,gps_time
0,2709,126.585,43.895,802,1,,
1,2709,126.56184,43.9161,802,0,2180563.0,08-02 17:02:00
2,2709,126.57269,43.90062,802,0,3143980.0,08-02 16:56:00
