,courier_id,gps_lng,gps_lat,ds,depot,order_id,gps_time
0,2709,126.585,43.895,717,1,,
1,2709,126.55945,43.91045,717,0,1067921.0,07-17 14:18:00
2,2709,126.56711,43.92696,717,0,1996862.0,07-17 14:13:00
