,courier_id,gps_lng,gps_lat,ds,depot,order_id,gps_time
0,487,126.567,43.812,708,1,,
1,487,126.53009,43.80325,708,0,2678612.0,07-08 11:42:00
2,487,126.5332,43.80457,708,0,732154.0,07-08 11:17:00
3,487,126.53766,43.80607,708,0,1419206.0,07-08 11:06:00
4,487,126.5816,43.78164,708,0,2683032.0,07-08 10:27:00
5,487,126.58792,43.78176,708,0,538712.0,07-08 10:38:00
6,487,126.52489,43.80061,708,0,2372926.0,07-08 20:13:00
7,487,126.5417,43.79183,708,0,159371.0,07-08 09:19:00
8,487,126.54358,43.79226,708,0,391865.0,07-08 09:30:00
