,courier_id,gps_lng,gps_lat,ds,depot,order_id,gps_time
0,2709,126.585,43.895,911,1,,
1,2709,126.56716,43.89818,911,0,852429.0,09-11 17:23:00
2,2709,126.56078,43.90976,911,0,2426500.0,09-11 17:11:00
3,2709,126.569,43.899,911,0,3648565.0,09-11 17:18:00
4,2709,126.57316,43.90006,911,0,3834743.0,09-11 17:06:00
