,courier_id,gps_lng,gps_lat,ds,depot,order_id,gps_time
0,487,126.567,43.812,616,1,,
1,487,126.5952,43.7805,616,0,3689169.0,06-16 11:12:00
2,487,126.5235,43.79922,616,0,64859.0,06-16 19:53:00
3,487,126.54143,43.79297,616,0,4204745.0,06-16 09:49:00
4,487,126.54282,43.79138,616,0,3110796.0,06-16 09:56:00
5,487,126.54475,43.79234,616,0,192061.0,06-16 09:37:00
