,courier_id,gps_lng,gps_lat,ds,depot,order_id,gps_time
0,1558,126.566,43.871,905,1,,
1,1558,126.56619,43.87079,905,0,104989.0,09-05 09:15:00
2,1558,126.5754,43.88352,905,0,2094912.0,09-05 09:50:00
3,1558,126.57611,43.88452,905,0,2049713.0,09-05 10:09:00
4,1558,126.57679,43.88418,905,0,4474217.0,09-05 09:44:00
5,1558,126.57443,43.88378,905,0,248028.0,09-05 09:59:00
6,1558,126.56621,43.87074,905,0,2137956.0,09-05 10:58:00
